Name,Type,Total,HP,Attack,Defense,Sp.Atk,Sp.Def,Speed,Species,Height,Weight,EV yield,Catch rate,Base Friendship,Base Exp.,Generation
Bulbasaur,Grass; Poison,318,45,49,49,65,65,45,Seed,0.7,6.9,1 Special Attack,45,50,64,1
Ivysaur,Grass; Poison,405,60,62,63,80,80,60,Seed,1.0,13.0,1 Special Attack; 1 Special Defense,45,50,142,1
Venusaur,Grass; Poison,525,80,82,83,100,100,80,Seed,2.0,100.0,2 Special Attack; 1 Special Defense,45,50,236,1
Charmander,Fire,309,39,52,43,60,50,65,Lizard,0.6,8.5,1 Speed,45,50,62,1
Charmeleon,Fire,405,58,64,58,80,65,80,Flame,1.1,19.0,1 Special Attack; 1 Speed,45,50,142,1
Charizard,Fire; Flying,534,78,84,78,109,85,100,Flame,1.7,90.5,3 Special Attack,45,50,240,1
Squirtle,Water,314,44,48,65,50,64,43,Tiny Turtle,0.5,9.0,1 Defense,45,50,63,1
Wartortle,Water,405,59,63,80,65,80,58,Turtle,1.0,22.5,1 Defense; 1 Special Defense,45,50,142,1
Blastoise,Water,530,79,83,100,85,105,78,Shellfish,1.6,85.5,3 Special Defense,45,50,239,1
Caterpie,Bug,195,45,30,35,20,20,45,Worm,0.3,2.9,1 HP,255,50,39,1
Metapod,Bug,205,50,20,55,25,25,30,Cocoon,0.7,9.9,2 Defense,120,50,72,1
Butterfree,Bug; Flying,395,60,45,50,90,80,70,Butterfly,1.1,32.0,2 Special Attack; 1 Special Defense,45,50,178,1
Weedle,Bug; Poison,195,40,35,30,20,20,50,Hairy Bug,0.3,3.2,1 Speed,255,50,39,1
Kakuna,Bug; Poison,205,45,25,50,25,25,35,Cocoon,0.6,10.0,2 Defense,120,50,72,1
Beedrill,Bug; Poison,395,65,90,40,45,80,75,Poison Bee,1.0,29.5,2 Attack; 1 Special Defense,45,50,178,1
Pidgey,Normal; Flying,251,40,45,40,35,35,56,Tiny Bird,0.3,1.8,1 Speed,255,50,50,1
Pidgeotto,Normal; Flying,349,63,60,55,50,50,71,Bird,1.1,30.0,2 Speed,120,50,122,1
Pidgeot,Normal; Flying,479,83,80,75,70,70,101,Bird,1.5,39.5,3 Speed,45,50,216,1
Rattata,Normal,253,30,56,35,25,35,72,Mouse,0.3,3.5,1 Speed,255,50,51,1
Raticate,Normal,413,55,81,60,50,70,97,Mouse,0.7,18.5,2 Speed,127,50,145,1
Spearow,Normal; Flying,262,40,60,30,31,31,70,Tiny Bird,0.3,2.0,1 Speed,255,50,52,1
Fearow,Normal; Flying,442,65,90,65,61,61,100,Beak,1.2,38.0,2 Speed,90,50,155,1
Ekans,Poison,288,35,60,44,40,54,55,Snake,2.0,6.9,1 Attack,255,50,58,1
Arbok,Poison,448,60,95,69,65,79,80,Cobra,3.5,65.0,2 Attack,90,50,157,1
Pikachu,Electric,320,35,55,40,50,50,90,Mouse,0.4,6.0,2 Speed,190,50,112,1
Raichu,Electric,485,60,90,55,90,80,110,Mouse,0.8,30.0,3 Speed,75,50,218,1
Sandshrew,Ground,300,50,75,85,20,30,40,Mouse,0.6,12.0,1 Defense,255,50,60,1
Sandslash,Ground,450,75,100,110,45,55,65,Mouse,1.0,29.5,2 Defense,90,50,158,1
Nidoran♀,Poison,275,55,47,52,40,40,41,Poison Pin,0.4,7.0,1 HP,235,50,55,1
Nidorina,Poison,365,70,62,67,55,55,56,Poison Pin,0.8,20.0,2 HP,120,50,128,1
Nidoqueen,Poison; Ground,505,90,92,87,75,85,76,Drill,1.3,60.0,3 HP,45,50,227,1
Nidoran♂,Poison,273,46,57,40,40,40,50,Poison Pin,0.5,9.0,1 Attack,235,50,55,1
Nidorino,Poison,365,61,72,57,55,55,65,Poison Pin,0.9,19.5,2 Attack,120,50,128,1
Nidoking,Poison; Ground,505,81,102,77,85,75,85,Drill,1.4,62.0,3 Attack,45,50,227,1
Clefairy,Fairy,323,70,45,48,60,65,35,Fairy,0.6,7.5,2 HP,150,140,113,1
Clefable,Fairy,483,95,70,73,95,90,60,Fairy,1.3,40.0,3 HP,25,140,217,1
Vulpix,Fire,299,38,41,40,50,65,65,Fox,0.6,9.9,1 Speed,190,50,60,1
Ninetales,Fire,505,73,76,75,81,100,100,Fox,1.1,19.9,1 Special Defense; 1 Speed,75,50,177,1
Jigglypuff,Normal; Fairy,270,115,45,20,45,25,20,Balloon,0.5,5.5,2 HP,170,50,95,1
Wigglytuff,Normal; Fairy,435,140,70,45,85,50,45,Balloon,1.0,12.0,3 HP,50,50,196,1
Zubat,Poison; Flying,245,40,45,35,30,40,55,Bat,0.8,7.5,1 Speed,255,50,49,1
Golbat,Poison; Flying,455,75,80,70,65,75,90,Bat,1.6,55.0,2 Speed,90,50,159,1
Oddish,Grass; Poison,320,45,50,55,75,65,30,Weed,0.5,5.4,1 Special Attack,255,50,64,1
Gloom,Grass; Poison,395,60,65,70,85,75,40,Weed,0.8,8.6,2 Special Attack,120,50,138,1
Vileplume,Grass; Poison,490,75,80,85,110,90,50,Flower,1.2,18.6,3 Special Attack,45,50,221,1
Paras,Bug; Grass,285,35,70,55,45,55,25,Mushroom,0.3,5.4,1 Attack,190,50,57,1
Parasect,Bug; Grass,405,60,95,80,60,80,30,Mushroom,1.0,29.5,2 Attack; 1 Defense,75,50,142,1
Venonat,Bug; Poison,305,60,55,50,40,55,45,Insect,1.0,30.0,1 Special Defense,190,50,61,1
Venomoth,Bug; Poison,450,70,65,60,90,75,90,Poison Moth,1.5,12.5,1 Special Attack; 1 Speed,75,50,158,1
Diglett,Ground,265,10,55,25,35,45,95,Mole,0.2,0.8,1 Speed,255,50,53,1
Dugtrio,Ground,425,35,100,50,50,70,120,Mole,0.7,33.3,2 Speed,50,50,149,1
Meowth,Normal,290,40,45,35,40,40,90,Scratch Cat,0.4,4.2,1 Speed,255,50,58,1
Persian,Normal,440,65,70,60,65,65,115,Classy Cat,1.0,32.0,2 Speed,90,50,154,1
Psyduck,Water,320,50,52,48,65,50,55,Duck,0.8,19.6,1 Special Attack,190,50,64,1
Golduck,Water,500,80,82,78,95,80,85,Duck,1.7,76.6,2 Special Attack,75,50,175,1
Mankey,Fighting,305,40,80,35,35,45,70,Pig Monkey,0.5,28.0,1 Attack,190,50,61,1
Primeape,Fighting,455,65,105,60,60,70,95,Pig Monkey,1.0,32.0,2 Attack,75,50,159,1
Growlithe,Fire,350,55,70,45,70,50,60,Puppy,0.7,19.0,1 Attack,190,50,70,1
Arcanine,Fire,555,90,110,80,100,80,95,Legendary,1.9,155.0,2 Attack,75,50,194,1
Poliwag,Water,300,40,50,40,40,40,90,Tadpole,0.6,12.4,1 Speed,255,50,60,1
Poliwhirl,Water,385,65,65,65,50,50,90,Tadpole,1.0,20.0,2 Speed,120,50,135,1
Poliwrath,Water; Fighting,510,90,95,95,70,90,70,Tadpole,1.3,54.0,3 Defense,45,50,230,1
Abra,Psychic,310,25,20,15,105,55,90,Psi,0.9,19.5,1 Special Attack,200,50,62,1
Kadabra,Psychic,400,40,35,30,120,70,105,Psi,1.3,56.5,2 Special Attack,100,50,140,1
Alakazam,Psychic,500,55,50,45,135,95,120,Psi,1.5,48.0,3 Special Attack,50,50,225,1
Machop,Fighting,305,70,80,50,35,35,35,Superpower,0.8,19.5,1 Attack,180,50,61,1
Machoke,Fighting,405,80,100,70,50,60,45,Superpower,1.5,70.5,2 Attack,90,50,142,1
Machamp,Fighting,505,90,130,80,65,85,55,Superpower,1.6,130.0,3 Attack,45,50,227,1
Bellsprout,Grass; Poison,300,50,75,35,70,30,40,Flower,0.7,4.0,1 Attack,255,50,60,1
Weepinbell,Grass; Poison,390,65,90,50,85,45,55,Flycatcher,1.0,6.4,2 Attack,120,50,137,1
Victreebel,Grass; Poison,490,80,105,65,100,70,70,Flycatcher,1.7,15.5,3 Attack,45,50,221,1
Tentacool,Water; Poison,335,40,40,35,50,100,70,Jellyfish,0.9,45.5,1 Special Defense,190,50,67,1
Tentacruel,Water; Poison,515,80,70,65,80,120,100,Jellyfish,1.6,55.0,2 Special Defense,60,50,180,1
Geodude,Rock; Ground,300,40,80,100,30,30,20,Rock,0.4,20.0,1 Defense,255,50,60,1
Graveler,Rock; Ground,390,55,95,115,45,45,35,Rock,1.0,105.0,2 Defense,120,50,137,1
Golem,Rock; Ground,495,80,120,130,55,65,45,Megaton,1.4,300.0,3 Defense,45,50,223,1
Ponyta,Fire,410,50,85,55,65,65,90,Fire Horse,1.0,30.0,1 Speed,190,50,82,1
Rapidash,Fire,500,65,100,70,80,80,105,Fire Horse,1.7,95.0,2 Speed,60,50,175,1
Slowpoke,Water; Psychic,315,90,65,65,40,40,15,Dopey,1.2,36.0,1 HP,190,50,63,1
Slowbro,Water; Psychic,490,95,75,110,100,80,30,Hermit Crab,1.6,78.5,2 Defense,75,50,172,1
Magnemite,Electric; Steel,325,25,35,70,95,55,45,Magnet,0.3,6.0,1 Special Attack,190,50,65,1
Magneton,Electric; Steel,465,50,60,95,120,70,70,Magnet,1.0,60.0,2 Special Attack,60,50,163,1
Farfetch'd,Normal; Flying,377,52,90,55,58,62,60,Wild Duck,0.8,15.0,1 Attack,45,50,132,1
Doduo,Normal; Flying,310,35,85,45,35,35,75,Twin Bird,1.4,39.2,1 Attack,190,50,62,1
Dodrio,Normal; Flying,470,60,110,70,60,60,110,Triple Bird,1.8,85.2,2 Attack,45,50,165,1
Seel,Water,325,65,45,55,45,70,45,Sea Lion,1.1,90.0,1 Special Defense,190,50,65,1
Dewgong,Water; Ice,475,90,70,80,70,95,70,Sea Lion,1.7,120.0,2 Special Defense,75,50,166,1
Grimer,Poison,325,80,80,50,40,50,25,Sludge,0.9,30.0,1 HP,190,50,65,1
Muk,Poison,500,105,105,75,65,100,50,Sludge,1.2,30.0,1 HP; 1 Attack,75,50,175,1
Shellder,Water,305,30,65,100,45,25,40,Bivalve,0.3,4.0,1 Defense,190,50,61,1
Cloyster,Water; Ice,525,50,95,180,85,45,70,Bivalve,1.5,132.5,2 Defense,60,50,184,1
Gastly,Ghost; Poison,310,30,35,30,100,35,80,Gas,1.3,0.1,1 Special Attack,190,50,62,1
Haunter,Ghost; Poison,405,45,50,45,115,55,95,Gas,1.6,0.1,2 Special Attack,90,50,142,1
Gengar,Ghost; Poison,500,60,65,60,130,75,110,Shadow,1.5,40.5,3 Special Attack,45,50,225,1
Onix,Rock; Ground,385,35,45,160,30,45,70,Rock Snake,8.8,210.0,1 Defense,45,50,77,1
Drowzee,Psychic,328,60,48,45,43,90,42,Hypnosis,1.0,32.4,1 Special Defense,190,50,66,1
Hypno,Psychic,483,85,73,70,73,115,67,Hypnosis,1.6,75.6,2 Special Defense,75,50,169,1
Krabby,Water,325,30,105,90,25,25,50,River Crab,0.4,6.5,1 Attack,225,50,65,1
Kingler,Water,475,55,130,115,50,50,75,Pincer,1.3,60.0,2 Attack,60,50,166,1
Voltorb,Electric,330,40,30,50,55,55,100,Ball,0.5,10.4,1 Speed,190,50,66,1
Electrode,Electric,490,60,50,70,80,80,150,Ball,1.2,66.6,2 Speed,60,50,172,1
Exeggcute,Grass; Psychic,325,60,40,80,60,45,40,Egg,0.4,2.5,1 Defense,90,50,65,1
Exeggutor,Grass; Psychic,530,95,95,85,125,75,55,Coconut,2.0,120.0,2 Special Attack,45,50,186,1
Cubone,Ground,320,50,50,95,40,50,35,Lonely,0.4,6.5,1 Defense,190,50,64,1
Marowak,Ground,425,60,80,110,50,80,45,Bone Keeper,1.0,45.0,2 Defense,75,50,149,1
Hitmonlee,Fighting,455,50,120,53,35,110,87,Kicking,1.5,49.8,2 Attack,45,50,159,1
Hitmonchan,Fighting,455,50,105,79,35,110,76,Punching,1.4,50.2,2 Special Defense,45,50,159,1
Lickitung,Normal,385,90,55,75,60,75,30,Licking,1.2,65.5,2 HP,45,50,77,1
Koffing,Poison,340,40,65,95,60,45,35,Poison Gas,0.6,1.0,1 Defense,190,50,68,1
Weezing,Poison,490,65,90,120,85,70,60,Poison Gas,1.2,9.5,2 Defense,60,50,172,1
Rhyhorn,Ground; Rock,345,80,85,95,30,30,25,Spikes,1.0,115.0,1 Defense,120,50,69,1
Rhydon,Ground; Rock,485,105,130,120,45,45,40,Drill,1.9,120.0,2 Attack,60,50,170,1
Chansey,Normal,450,250,5,5,35,105,50,Egg,1.1,34.6,2 HP,30,140,395,1
Tangela,Grass,435,65,55,115,100,40,60,Vine,1.0,35.0,1 Defense,45,50,87,1
Kangaskhan,Normal,490,105,95,80,40,80,90,Parent,2.2,80.0,2 HP,45,50,172,1
Horsea,Water,295,30,40,70,70,25,60,Dragon,0.4,8.0,1 Special Attack,225,50,59,1
Seadra,Water,440,55,65,95,95,45,85,Dragon,1.2,25.0,1 Defense; 1 Special Attack,75,50,154,1
Goldeen,Water,320,45,67,60,35,50,63,Goldfish,0.6,15.0,1 Attack,225,50,64,1
Seaking,Water,450,80,92,65,65,80,68,Goldfish,1.3,39.0,2 Attack,60,50,158,1
Staryu,Water,340,30,45,55,70,55,85,Star Shape,0.8,34.5,1 Speed,225,50,68,1
Starmie,Water; Psychic,520,60,75,85,100,85,115,Mysterious,1.1,80.0,2 Speed,60,50,182,1
Mr. Mime,Psychic; Fairy,460,40,45,65,100,120,90,Barrier,1.3,54.5,2 Special Defense,45,50,161,1
Scyther,Bug; Flying,500,70,110,80,55,80,105,Mantis,1.5,56.0,1 Attack,45,50,100,1
Jynx,Ice; Psychic,455,65,50,35,115,95,95,Human Shape,1.4,40.6,2 Special Attack,45,50,159,1
Electabuzz,Electric,490,65,83,57,95,85,105,Electric,1.1,30.0,2 Speed,45,50,172,1
Magmar,Fire,495,65,95,57,100,85,93,Spitfire,1.3,44.5,2 Special Attack,45,50,173,1
Pinsir,Bug,500,65,125,100,55,70,85,Stag Beetle,1.5,55.0,2 Attack,45,50,175,1
Tauros,Normal,490,75,100,95,40,70,110,Wild Bull,1.4,88.4,1 Attack; 1 Speed,45,50,172,1
Magikarp,Water,200,20,10,55,15,20,80,Fish,0.9,10.0,1 Speed,255,50,40,1
Gyarados,Water; Flying,540,95,125,79,60,100,81,Atrocious,6.5,235.0,2 Attack,45,50,189,1
Lapras,Water; Ice,535,130,85,80,85,95,60,Transport,2.5,220.0,2 HP,45,50,187,1
Ditto,Normal,288,48,48,48,48,48,48,Transform,0.3,4.0,1 HP,35,50,101,1
Eevee,Normal,325,55,55,50,45,65,55,Evolution,0.3,6.5,1 Special Defense,45,50,65,1
Vaporeon,Water,525,130,65,60,110,95,65,Bubble Jet,1.0,29.0,2 HP,45,50,184,1
Jolteon,Electric,525,65,65,60,110,95,130,Lightning,0.8,24.5,2 Speed,45,50,184,1
Flareon,Fire,525,65,130,60,95,110,65,Flame,0.9,25.0,2 Attack,45,50,184,1
Porygon,Normal,395,65,60,70,85,75,40,Virtual,0.8,36.5,1 Special Attack,45,50,79,1
Omanyte,Rock; Water,355,35,40,100,90,55,35,Spiral,0.4,7.5,1 Defense,45,50,71,1
Omastar,Rock; Water,495,70,60,125,115,70,55,Spiral,1.0,35.0,2 Defense,45,50,173,1
Kabuto,Rock; Water,355,30,80,90,55,45,55,Shellfish,0.5,11.5,1 Defense,45,50,71,1
Kabutops,Rock; Water,495,60,115,105,65,70,80,Shellfish,1.3,40.5,2 Attack,45,50,173,1
Aerodactyl,Rock; Flying,515,80,105,65,60,75,130,Fossil,1.8,59.0,2 Speed,45,50,180,1
Snorlax,Normal,540,160,110,65,65,110,30,Sleeping,2.1,460.0,2 HP,25,50,189,1
Articuno,Ice; Flying,580,90,85,100,95,125,85,Freeze,1.7,55.4,3 Special Defense,3,35,261,1
Zapdos,Electric; Flying,580,90,90,85,125,90,100,Electric,1.6,52.6,3 Special Attack,3,35,261,1
Moltres,Fire; Flying,580,90,100,90,125,85,90,Flame,2.0,60.0,3 Special Attack,3,35,261,1
Dratini,Dragon,300,41,64,45,50,50,50,Dragon,1.8,3.3,1 Attack,45,35,60,1
Dragonair,Dragon,420,61,84,65,70,70,70,Dragon,4.0,16.5,2 Attack,45,35,147,1
Dragonite,Dragon; Flying,600,91,134,95,100,100,80,Dragon,2.2,210.0,3 Attack,45,35,270,1
Mewtwo,Psychic,680,106,110,90,154,90,130,Genetic,2.0,122.0,3 Special Attack,3,0,306,1
Mew,Psychic,600,100,100,100,100,100,100,New Species,0.4,4.0,3 HP,45,100,270,1
Chikorita,Grass,318,45,49,65,49,65,45,Leaf,0.9,6.4,1 Special Defense,45,50,64,2
Bayleef,Grass,405,60,62,80,63,80,60,Leaf,1.2,15.8,1 Defense; 1 Special Defense,45,50,142,2
Meganium,Grass,525,80,82,100,83,100,80,Herb,1.8,100.5,1 Defense; 2 Special Defense,45,50,236,2
Cyndaquil,Fire,309,39,52,43,60,50,65,Fire Mouse,0.5,7.9,1 Speed,45,50,62,2
Quilava,Fire,405,58,64,58,80,65,80,Volcano,0.9,19.0,1 Special Attack; 1 Speed,45,50,142,2
Typhlosion,Fire,534,78,84,78,109,85,100,Volcano,1.7,79.5,3 Special Attack,45,50,240,2
Totodile,Water,314,50,65,64,44,48,43,Big Jaw,0.6,9.5,1 Attack,45,50,63,2
Croconaw,Water,405,65,80,80,59,63,58,Big Jaw,1.1,25.0,1 Attack; 1 Defense,45,50,142,2
Feraligatr,Water,530,85,105,100,79,83,78,Big Jaw,2.3,88.8,2 Attack; 1 Defense,45,50,239,2
Sentret,Normal,215,35,46,34,35,45,20,Scout,0.8,6.0,1 Attack,255,50,43,2
Furret,Normal,415,85,76,64,45,55,90,Long Body,1.8,32.5,2 Speed,90,50,145,2
Hoothoot,Normal; Flying,262,60,30,30,36,56,50,Owl,0.7,21.2,1 HP,255,50,52,2
Noctowl,Normal; Flying,452,100,50,50,86,96,70,Owl,1.6,40.8,2 HP,90,50,158,2
Ledyba,Bug; Flying,265,40,20,30,40,80,55,Five Star,1.0,10.8,1 Special Defense,255,50,53,2
Ledian,Bug; Flying,390,55,35,50,55,110,85,Five Star,1.4,35.6,2 Special Defense,90,50,137,2
Spinarak,Bug; Poison,250,40,60,40,40,40,30,String Spit,0.5,8.5,1 Attack,255,50,50,2
Ariados,Bug; Poison,400,70,90,70,60,70,40,Long Leg,1.1,33.5,2 Attack,90,50,140,2
Crobat,Poison; Flying,535,85,90,80,70,80,130,Bat,1.8,75.0,3 Speed,90,50,241,2
Chinchou,Water; Electric,330,75,38,38,56,56,67,Angler,0.5,12.0,1 HP,190,50,66,2
Lanturn,Water; Electric,460,125,58,58,76,76,67,Light,1.2,22.5,2 HP,75,50,161,2
Pichu,Electric,205,20,40,15,35,35,60,Tiny Mouse,0.3,2.0,1 Speed,190,50,41,2
Cleffa,Fairy,218,50,25,28,45,55,15,Star Shape,0.3,3.0,1 Special Defense,150,140,44,2
Igglybuff,Normal; Fairy,210,90,30,15,40,20,15,Balloon,0.3,1.0,1 HP,170,50,42,2
Togepi,Fairy,245,35,20,65,40,65,20,Spike Ball,0.3,1.5,1 Special Defense,190,50,49,2
Togetic,Fairy; Flying,405,55,40,85,80,105,40,Happiness,0.6,3.2,2 Special Defense,75,50,142,2
Natu,Psychic; Flying,320,40,50,45,70,45,70,Tiny Bird,0.2,2.0,1 Special Attack,190,50,64,2
Xatu,Psychic; Flying,470,65,75,70,95,70,95,Mystic,1.5,15.0,1 Special Attack; 1 Speed,75,50,165,2
Mareep,Electric,280,55,40,40,65,45,35,Wool,0.6,7.8,1 Special Attack,235,50,56,2
Flaaffy,Electric,365,70,55,55,80,60,45,Wool,0.8,13.3,2 Special Attack,120,50,128,2
Ampharos,Electric,510,90,75,85,115,90,55,Light,1.4,61.5,3 Special Attack,45,50,230,2
Bellossom,Grass,490,75,80,95,90,100,50,Flower,0.4,5.8,3 Special Defense,45,50,221,2
Marill,Water; Fairy,250,70,20,50,20,50,40,Aqua Mouse,0.4,8.5,2 HP,190,50,88,2
Azumarill,Water; Fairy,420,100,50,80,60,80,50,Aqua Rabbit,0.8,28.5,3 HP,75,50,189,2
Sudowoodo,Rock,410,70,100,115,30,65,30,Imitation,1.2,38.0,2 Defense,65,50,144,2
Politoed,Water,500,90,75,75,90,100,70,Frog,1.1,33.9,3 Special Defense,45,50,225,2
Hoppip,Grass; Flying,250,35,35,40,35,55,50,Cottonweed,0.4,0.5,1 Special Defense,255,50,50,2
Skiploom,Grass; Flying,340,55,45,50,45,65,80,Cottonweed,0.6,1.0,2 Speed,120,50,119,2
Jumpluff,Grass; Flying,460,75,55,70,55,95,110,Cottonweed,0.8,3.0,3 Speed,45,50,207,2
Aipom,Normal,360,55,70,55,40,55,85,Long Tail,0.8,11.5,1 Speed,45,50,72,2
Sunkern,Grass,180,30,30,30,30,30,30,Seed,0.3,1.8,1 Special Attack,235,50,36,2
Sunflora,Grass,425,75,75,55,105,85,30,Sun,0.8,8.5,2 Special Attack,120,50,149,2
Yanma,Bug; Flying,390,65,65,45,75,45,95,Clear Wing,1.2,38.0,1 Speed,75,50,78,2
Wooper,Water; Ground,210,55,45,45,25,25,15,Water Fish,0.4,8.5,1 HP,255,50,42,2
Quagsire,Water; Ground,430,95,85,85,65,65,35,Water Fish,1.4,75.0,2 HP,90,50,151,2
Espeon,Psychic,525,65,65,60,130,95,110,Sun,0.9,26.5,2 Special Attack,45,50,184,2
Umbreon,Dark,525,95,65,110,60,130,65,Moonlight,1.0,27.0,2 Special Defense,45,35,184,2
Murkrow,Dark; Flying,405,60,85,42,85,42,91,Darkness,0.5,2.1,1 Speed,30,35,81,2
Slowking,Water; Psychic,490,95,75,80,100,110,30,Royal,2.0,79.5,2 Special Defense,70,50,172,2
Misdreavus,Ghost,435,60,60,60,85,85,85,Screech,0.7,1.0,1 Special Defense,45,35,87,2
Unown,Psychic,336,48,72,48,72,48,48,Symbol,0.5,5.0,1 Attack; 1 Special Attack,225,50,118,2
Wobbuffet,Psychic,405,190,33,58,33,58,33,Patient,1.3,28.5,2 HP,45,50,142,2
Girafarig,Normal; Psychic,455,70,80,65,90,65,85,Long Neck,1.5,41.5,2 Special Attack,60,50,159,2
Pineco,Bug,290,50,65,90,35,35,15,Bagworm,0.6,7.2,1 Defense,190,50,58,2
Forretress,Bug; Steel,465,75,90,140,60,60,40,Bagworm,1.2,125.8,2 Defense,75,50,163,2
Dunsparce,Normal,415,100,70,70,65,65,45,Land Snake,1.5,14.0,1 HP,190,50,145,2
Gligar,Ground; Flying,430,65,75,105,35,65,85,FlyScorpion,1.1,64.8,1 Defense,60,50,86,2
Steelix,Steel; Ground,510,75,85,200,55,65,30,Iron Snake,9.2,400.0,2 Defense,25,50,179,2
Snubbull,Fairy,300,60,80,50,40,40,30,Fairy,0.6,7.8,1 Attack,190,50,60,2
Granbull,Fairy,450,90,120,75,60,60,45,Fairy,1.4,48.7,2 Attack,75,50,158,2
Qwilfish,Water; Poison,440,65,95,85,55,55,85,Balloon,0.5,3.9,1 Attack,45,50,88,2
Scizor,Bug; Steel,500,70,130,100,55,80,65,Pincer,1.8,118.0,2 Attack,25,50,175,2
Shuckle,Bug; Rock,505,20,10,230,10,230,5,Mold,0.6,20.5,1 Defense; 1 Special Defense,190,50,177,2
Heracross,Bug; Fighting,500,80,125,75,40,95,85,Single Horn,1.5,54.0,2 Attack,45,50,175,2
Sneasel,Dark; Ice,430,55,95,55,35,75,115,Sharp Claw,0.9,28.0,1 Speed,60,35,86,2
Teddiursa,Normal,330,60,80,50,50,50,40,Little Bear,0.6,8.8,1 Attack,120,50,66,2
Ursaring,Normal,500,90,130,75,75,75,55,Hibernator,1.8,125.8,2 Attack,60,50,175,2
Slugma,Fire,250,40,40,40,70,40,20,Lava,0.7,35.0,1 Special Attack,190,50,50,2
Magcargo,Fire; Rock,430,60,50,120,90,80,30,Lava,0.8,55.0,2 Defense,75,50,151,2
Swinub,Ice; Ground,250,50,50,40,30,30,50,Pig,0.4,6.5,1 Attack,225,50,50,2
Piloswine,Ice; Ground,450,100,100,80,60,60,50,Swine,1.1,55.8,1 HP; 1 Attack,75,50,158,2
Corsola,Water; Rock,410,65,55,95,65,95,35,Coral,0.6,5.0,1 Defense; 1 Special Defense,60,50,144,2
Remoraid,Water,300,35,65,35,65,35,65,Jet,0.6,12.0,1 Special Attack,190,50,60,2
Octillery,Water,480,75,105,75,105,75,45,Jet,0.9,28.5,1 Attack; 1 Special Attack,75,50,168,2
Delibird,Ice; Flying,330,45,55,45,65,45,75,Delivery,0.9,16.0,1 Speed,45,50,116,2
Mantine,Water; Flying,485,85,40,70,80,140,70,Kite,2.1,220.0,2 Special Defense,25,50,170,2
Skarmory,Steel; Flying,465,65,80,140,40,70,70,Armor Bird,1.7,50.5,2 Defense,25,50,163,2
Houndour,Dark; Fire,330,45,60,30,80,50,65,Dark,0.6,10.8,1 Special Attack,120,35,66,2
Houndoom,Dark; Fire,500,75,90,50,110,80,95,Dark,1.4,35.0,2 Special Attack,45,35,175,2
Kingdra,Water; Dragon,540,75,95,95,95,95,85,Dragon,1.8,152.0,1 Attack; 1 Special Attack; 1 Special Defense,45,50,243,2
Phanpy,Ground,330,90,60,60,40,40,40,Long Nose,0.5,33.5,1 HP,120,50,66,2
Donphan,Ground,500,90,120,120,60,60,50,Armor,1.1,120.0,1 Attack; 1 Defense,60,50,175,2
Porygon2,Normal,515,85,80,90,105,95,60,Virtual,0.6,32.5,2 Special Attack,45,50,180,2
Stantler,Normal,465,73,95,62,85,65,85,Big Horn,1.4,71.2,1 Attack,45,50,163,2
Smeargle,Normal,250,55,20,35,20,45,75,Painter,1.2,58.0,1 Speed,45,50,88,2
Tyrogue,Fighting,210,35,35,35,35,35,35,Scuffle,0.7,21.0,1 Attack,75,50,42,2
Hitmontop,Fighting,455,50,95,95,35,110,70,Handstand,1.4,48.0,2 Special Defense,45,50,159,2
Smoochum,Ice; Psychic,305,45,30,15,85,65,65,Kiss,0.4,6.0,1 Special Attack,45,50,61,2
Elekid,Electric,360,45,63,37,65,55,95,Electric,0.6,23.5,1 Speed,45,50,72,2
Magby,Fire,365,45,75,37,70,55,83,Live Coal,0.7,21.4,1 Speed,45,50,73,2
Miltank,Normal,490,95,80,105,40,70,100,Milk Cow,1.2,75.5,2 Defense,45,50,172,2
Blissey,Normal,540,255,10,10,75,135,55,Happiness,1.5,46.8,3 HP,30,140,608,2
Raikou,Electric,580,90,85,75,115,100,115,Thunder,1.9,178.0,1 Special Attack; 2 Speed,3,35,261,2
Entei,Fire,580,115,115,85,90,75,100,Volcano,2.1,198.0,1 HP; 2 Attack,3,35,261,2
Suicune,Water,580,100,75,115,90,115,85,Aurora,2.0,187.0,1 Defense; 2 Special Defense,3,35,261,2
Larvitar,Rock; Ground,300,50,64,50,45,50,41,Rock Skin,0.6,72.0,1 Attack,45,35,60,2
Pupitar,Rock; Ground,410,70,84,70,65,70,51,Hard Shell,1.2,152.0,2 Attack,45,35,144,2
Tyranitar,Rock; Dark,600,100,134,110,95,100,61,Armor,2.0,202.0,3 Attack,45,35,270,2
Lugia,Psychic; Flying,680,106,90,130,90,154,110,Diving,5.2,216.0,3 Special Defense,3,0,306,2
Ho-oh,Fire; Flying,680,106,130,90,110,154,90,Rainbow,3.8,199.0,3 Special Defense,3,0,306,2
Celebi,Psychic; Grass,600,100,100,100,100,100,100,Time Travel,0.6,5.0,3 HP,45,100,270,2
Treecko,Grass,310,40,45,35,65,55,70,Wood Gecko,0.5,5.0,1 Speed,45,50,62,3
Grovyle,Grass,405,50,65,45,85,65,95,Wood Gecko,0.9,21.6,2 Speed,45,50,142,3
Sceptile,Grass,530,70,85,65,105,85,120,Forest,1.7,52.2,3 Speed,45,50,239,3
Torchic,Fire,310,45,60,40,70,50,45,Chick,0.4,2.5,1 Special Attack,45,50,62,3
Combusken,Fire; Fighting,405,60,85,60,85,60,55,Young Fowl,0.9,19.5,1 Attack; 1 Special Attack,45,50,142,3
Blaziken,Fire; Fighting,530,80,120,70,110,70,80,Blaze,1.9,52.0,3 Attack,45,50,239,3
Mudkip,Water,310,50,70,50,50,50,40,Mud Fish,0.4,7.6,1 Attack,45,50,62,3
Marshtomp,Water; Ground,405,70,85,70,60,70,50,Mud Fish,0.7,28.0,2 Attack,45,50,142,3
Swampert,Water; Ground,535,100,110,90,85,90,60,Mud Fish,1.5,81.9,3 Attack,45,50,241,3
Poochyena,Dark,220,35,55,35,30,30,35,Bite,0.5,13.6,1 Attack,255,50,56,3
Mightyena,Dark,420,70,90,70,60,60,70,Bite,1.0,37.0,2 Attack,127,50,147,3
Zigzagoon,Normal,240,38,30,41,30,41,60,TinyRaccoon,0.4,17.5,1 Speed,255,50,56,3
Linoone,Normal,420,78,70,61,50,61,100,Rushing,0.5,32.5,2 Speed,90,50,147,3
Wurmple,Bug,195,45,45,35,20,30,20,Worm,0.3,3.6,1 HP,255,50,56,3
Silcoon,Bug,205,50,35,55,25,25,15,Cocoon,0.6,10.0,2 Defense,120,50,72,3
Beautifly,Bug; Flying,395,60,70,50,100,50,65,Butterfly,1.0,28.4,3 Special Attack,45,50,178,3
Cascoon,Bug,205,50,35,55,25,25,15,Cocoon,0.7,11.5,2 Defense,120,50,72,3
Dustox,Bug; Poison,385,60,50,70,50,90,65,Poison Moth,1.2,31.6,3 Special Defense,45,50,173,3
Lotad,Water; Grass,220,40,30,30,40,50,30,Water Weed,0.5,2.6,1 Special Defense,255,50,44,3
Lombre,Water; Grass,340,60,50,50,60,70,50,Jolly,1.2,32.5,2 Special Defense,120,50,119,3
Ludicolo,Water; Grass,480,80,70,70,90,100,70,Carefree,1.5,55.0,3 Special Defense,45,50,216,3
Seedot,Grass,220,40,40,50,30,30,30,Acorn,0.5,4.0,1 Defense,255,50,44,3
Nuzleaf,Grass; Dark,340,70,70,40,60,40,60,Wily,1.0,28.0,2 Attack,120,50,119,3
Shiftry,Grass; Dark,480,90,100,60,90,60,80,Wicked,1.3,59.6,3 Attack,45,50,216,3
Taillow,Normal; Flying,270,40,55,30,30,30,85,TinySwallow,0.3,2.3,1 Speed,200,50,54,3
Swellow,Normal; Flying,455,60,85,60,75,50,125,Swallow,0.7,19.8,2 Speed,45,50,159,3
Wingull,Water; Flying,270,40,30,30,55,30,85,Seagull,0.6,9.5,1 Speed,190,50,54,3
Pelipper,Water; Flying,440,60,50,100,95,70,65,Water Bird,1.2,28.0,2 Defense,45,50,154,3
Ralts,Psychic; Fairy,198,28,25,25,45,35,40,Feeling,0.4,6.6,1 Special Attack,235,35,40,3
Kirlia,Psychic; Fairy,278,38,35,35,65,55,50,Emotion,0.8,20.2,2 Special Attack,120,35,97,3
Gardevoir,Psychic; Fairy,518,68,65,65,125,115,80,Embrace,1.6,48.4,3 Special Attack,45,35,233,3
Surskit,Bug; Water,269,40,30,32,50,52,65,Pond Skater,0.5,1.7,1 Speed,200,50,54,3
Masquerain,Bug; Flying,454,70,60,62,100,82,80,Eyeball,0.8,3.6,1 Special Attack; 1 Special Defense,75,50,159,3
Shroomish,Grass,295,60,40,60,40,60,35,Mushroom,0.4,4.5,1 HP,255,50,59,3
Breloom,Grass; Fighting,460,60,130,80,60,60,70,Mushroom,1.2,39.2,2 Attack,90,50,161,3
Slakoth,Normal,280,60,60,60,35,35,30,Slacker,0.8,24.0,1 HP,255,50,56,3
Vigoroth,Normal,440,80,80,80,55,55,90,Wild Monkey,1.4,46.5,2 Speed,120,50,154,3
Slaking,Normal,670,150,160,100,95,65,100,Lazy,2.0,130.5,3 HP,45,50,252,3
Nincada,Bug; Ground,266,31,45,90,30,30,40,Trainee,0.5,5.5,1 Defense,255,50,53,3
Ninjask,Bug; Flying,456,61,90,45,50,50,160,Ninja,0.8,12.0,2 Speed,120,50,160,3
Shedinja,Bug; Ghost,236,1,90,45,30,30,40,Shed,0.8,1.2,2 HP,45,50,83,3
Whismur,Normal,240,64,51,23,51,23,28,Whisper,0.6,16.3,1 HP,190,50,48,3
Loudred,Normal,360,84,71,43,71,43,48,Big Voice,1.0,40.5,2 HP,120,50,126,3
Exploud,Normal,490,104,91,63,91,73,68,Loud Noise,1.5,84.0,3 HP,45,50,221,3
Makuhita,Fighting,237,72,60,30,20,30,25,Guts,1.0,86.4,1 HP,180,50,47,3
Hariyama,Fighting,474,144,120,60,40,60,50,Arm Thrust,2.3,253.8,2 HP,200,50,166,3
Azurill,Normal; Fairy,190,50,20,40,20,40,20,Polka Dot,0.2,2.0,1 HP,150,50,38,3
Nosepass,Rock,375,30,45,135,45,90,30,Compass,1.0,97.0,1 Defense,255,50,75,3
Skitty,Normal,260,50,45,45,35,35,50,Kitten,0.6,11.0,1 Speed,255,50,52,3
Delcatty,Normal,400,70,65,65,55,55,90,Prim,1.1,32.6,1 HP; 1 Speed,60,50,140,3
Sableye,Dark; Ghost,380,50,75,75,65,65,50,Darkness,0.5,11.0,1 Attack; 1 Defense,45,35,133,3
Mawile,Steel; Fairy,380,50,85,85,55,55,50,Deceiver,0.6,11.5,1 Attack; 1 Defense,45,50,133,3
Aron,Steel; Rock,330,50,70,100,40,40,30,Iron Armor,0.4,60.0,1 Defense,180,35,66,3
Lairon,Steel; Rock,430,60,90,140,50,50,40,Iron Armor,0.9,120.0,2 Defense,90,35,151,3
Aggron,Steel; Rock,530,70,110,180,60,60,50,Iron Armor,2.1,360.0,3 Defense,45,35,239,3
Meditite,Fighting; Psychic,280,30,40,55,40,55,60,Meditate,0.6,11.2,1 Speed,180,50,56,3
Medicham,Fighting; Psychic,410,60,60,75,60,75,80,Meditate,1.3,31.5,2 Speed,90,50,144,3
Electrike,Electric,295,40,45,40,65,40,65,Lightning,0.6,15.2,1 Speed,120,50,59,3
Manectric,Electric,475,70,75,60,105,60,105,Discharge,1.5,40.2,2 Speed,45,50,166,3
Plusle,Electric,405,60,50,40,85,75,95,Cheering,0.4,4.2,1 Speed,200,50,142,3
Minun,Electric,405,60,40,50,75,85,95,Cheering,0.4,4.2,1 Speed,200,50,142,3
Volbeat,Bug,430,65,73,75,47,85,85,Firefly,0.7,17.7,1 Speed,150,50,151,3
Illumise,Bug,430,65,47,75,73,85,85,Firefly,0.6,17.7,1 Speed,150,50,151,3
Roselia,Grass; Poison,400,50,60,45,100,80,65,Thorn,0.3,2.0,2 Special Attack,150,50,140,3
Gulpin,Poison,302,70,43,53,43,53,40,Stomach,0.4,10.3,1 HP,225,50,60,3
Swalot,Poison,467,100,73,83,73,83,55,Poison Bag,1.7,80.0,2 HP,75,50,163,3
Carvanha,Water; Dark,305,45,90,20,65,20,65,Savage,0.8,20.8,1 Attack,225,35,61,3
Sharpedo,Water; Dark,460,70,120,40,95,40,95,Brutal,1.8,88.8,2 Attack,60,35,161,3
Wailmer,Water,400,130,70,35,70,35,60,Ball Whale,2.0,130.0,1 HP,125,50,80,3
Wailord,Water,500,170,90,45,90,45,60,Float Whale,14.5,398.0,2 HP,60,50,175,3
Numel,Fire; Ground,305,60,60,40,65,45,35,Numb,0.7,24.0,1 Special Attack,255,50,61,3
Camerupt,Fire; Ground,460,70,100,70,105,75,40,Eruption,1.9,220.0,1 Attack; 1 Special Attack,150,50,161,3
Torkoal,Fire,470,70,85,140,85,70,20,Coal,0.5,80.4,2 Defense,90,50,165,3
Spoink,Psychic,330,60,25,35,70,80,60,Bounce,0.7,30.6,1 Special Defense,255,50,66,3
Grumpig,Psychic,470,80,45,65,90,110,80,Manipulate,0.9,71.5,2 Special Defense,60,50,165,3
Spinda,Normal,360,60,60,60,60,60,60,Spot Panda,1.1,5.0,1 Special Attack,255,50,126,3
Trapinch,Ground,290,45,100,45,45,45,10,Ant Pit,0.7,15.0,1 Attack,255,50,58,3
Vibrava,Ground; Dragon,340,50,70,50,50,50,70,Vibration,1.1,15.3,1 Attack; 1 Speed,120,50,119,3
Flygon,Ground; Dragon,520,80,100,80,80,80,100,Mystic,2.0,82.0,1 Attack; 2 Speed,45,50,234,3
Cacnea,Grass,335,50,85,40,85,40,35,Cactus,0.4,51.3,1 Special Attack,190,35,67,3
Cacturne,Grass; Dark,475,70,115,60,115,60,55,Scarecrow,1.3,77.4,1 Attack; 1 Special Attack,60,35,166,3
Swablu,Normal; Flying,310,45,40,60,40,75,50,Cotton Bird,0.4,1.2,1 Special Defense,255,50,62,3
Altaria,Dragon; Flying,490,75,70,90,70,105,80,Humming,1.1,20.6,2 Special Defense,45,50,172,3
Zangoose,Normal,458,73,115,60,60,60,90,Cat Ferret,1.3,40.3,2 Attack,90,50,160,3
Seviper,Poison,458,73,100,60,100,60,65,Fang Snake,2.7,52.5,1 Attack; 1 Special Attack,90,50,160,3
Lunatone,Rock; Psychic,460,90,55,65,95,85,70,Meteorite,1.0,168.0,2 Special Attack,45,50,161,3
Solrock,Rock; Psychic,460,90,95,85,55,65,70,Meteorite,1.2,154.0,2 Attack,45,50,161,3
Barboach,Water; Ground,288,50,48,43,46,41,60,Whiskers,0.4,1.9,1 HP,190,50,58,3
Whiscash,Water; Ground,468,110,78,73,76,71,60,Whiskers,0.9,23.6,2 HP,75,50,164,3
Corphish,Water,308,43,80,65,50,35,35,Ruffian,0.6,11.5,1 Attack,205,50,62,3
Crawdaunt,Water; Dark,468,63,120,85,90,55,55,Rogue,1.1,32.8,2 Attack,155,50,164,3
Baltoy,Ground; Psychic,300,40,40,55,40,70,55,Clay Doll,0.5,21.5,1 Special Defense,255,50,60,3
Claydol,Ground; Psychic,500,60,70,105,70,120,75,Clay Doll,1.5,108.0,2 Special Defense,90,50,175,3
Lileep,Rock; Grass,355,66,41,77,61,87,23,Sea Lily,1.0,23.8,1 Special Defense,45,50,71,3
Cradily,Rock; Grass,495,86,81,97,81,107,43,Barnacle,1.5,60.4,2 Special Defense,45,50,173,3
Anorith,Rock; Bug,355,45,95,50,40,50,75,Old Shrimp,0.7,12.5,1 Attack,45,50,71,3
Armaldo,Rock; Bug,495,75,125,100,70,80,45,Plate,1.5,68.2,2 Attack,45,50,173,3
Feebas,Water,200,20,15,20,10,55,80,Fish,0.6,7.4,1 Speed,255,50,40,3
Milotic,Water,540,95,60,79,100,125,81,Tender,6.2,162.0,2 Special Defense,60,50,189,3
Castform,Normal,420,70,70,70,70,70,70,Weather,0.3,0.8,1 HP,45,50,147,3
Kecleon,Normal,440,60,90,70,60,120,40,Color Swap,1.0,22.0,1 Special Defense,200,50,154,3
Shuppet,Ghost,295,44,75,35,63,33,45,Puppet,0.6,2.3,1 Attack,225,35,59,3
Banette,Ghost,455,64,115,65,83,63,65,Marionette,1.1,12.5,2 Attack,45,35,159,3
Duskull,Ghost,295,20,40,90,30,90,25,Requiem,0.8,15.0,1 Special Defense,190,35,59,3
Dusclops,Ghost,455,40,70,130,60,130,25,Beckon,1.6,30.6,1 Defense; 1 Special Defense,90,35,159,3
Tropius,Grass; Flying,460,99,68,83,72,87,51,Fruit,2.0,100.0,2 HP,200,50,161,3
Chimecho,Psychic,455,75,50,80,95,90,65,Wind Chime,0.6,1.0,1 Special Attack; 1 Special Defense,45,50,159,3
Absol,Dark,465,65,130,60,75,60,75,Disaster,1.2,47.0,2 Attack,30,35,163,3
Wynaut,Psychic,260,95,23,48,23,48,23,Bright,0.6,14.0,1 HP,125,50,52,3
Snorunt,Ice,300,50,50,50,50,50,50,Snow Hat,0.7,16.8,1 HP,190,50,60,3
Glalie,Ice,480,80,80,80,80,80,80,Face,1.5,256.5,2 HP,75,50,168,3
Spheal,Ice; Water,290,70,40,50,55,50,25,Clap,0.8,39.5,1 HP,255,50,58,3
Sealeo,Ice; Water,410,90,60,70,75,70,45,Ball Roll,1.1,87.6,2 HP,120,50,144,3
Walrein,Ice; Water,530,110,80,90,95,90,65,Ice Break,1.4,150.6,3 HP,45,50,239,3
Clamperl,Water,345,35,64,85,74,55,32,Bivalve,0.4,52.5,1 Defense,255,50,69,3
Huntail,Water,485,55,104,105,94,75,52,Deep Sea,1.7,27.0,1 Attack; 1 Defense,60,50,170,3
Gorebyss,Water,485,55,84,105,114,75,52,South Sea,1.8,22.6,2 Special Attack,60,50,170,3
Relicanth,Water; Rock,485,100,90,130,45,65,55,Longevity,1.0,23.4,1 HP; 1 Defense,25,50,170,3
Luvdisc,Water,330,43,30,55,40,65,97,Rendezvous,0.6,8.7,1 Speed,225,50,116,3
Bagon,Dragon,300,45,75,60,40,30,50,Rock Head,0.6,42.1,1 Attack,45,35,60,3
Shelgon,Dragon,420,65,95,100,60,50,50,Endurance,1.1,110.5,2 Defense,45,35,147,3
Salamence,Dragon; Flying,600,95,135,80,110,80,100,Dragon,1.5,102.6,3 Attack,45,35,270,3
Beldum,Steel; Psychic,300,40,55,80,35,60,30,Iron Ball,0.6,95.2,1 Defense,3,35,60,3
Metang,Steel; Psychic,420,60,75,100,55,80,50,Iron Claw,1.2,202.5,2 Defense,3,35,147,3
Metagross,Steel; Psychic,600,80,135,130,95,90,70,Iron Leg,1.6,550.0,3 Defense,3,35,270,3
Regirock,Rock,580,80,100,200,50,100,50,Rock Peak,1.7,230.0,3 Defense,3,35,261,3
Regice,Ice,580,80,50,100,100,200,50,Iceberg,1.8,175.0,3 Special Defense,3,35,261,3
Registeel,Steel,580,80,75,150,75,150,50,Iron,1.9,205.0,2 Defense; 1 Special Defense,3,35,261,3
Latias,Dragon; Psychic,600,80,80,90,110,130,110,Eon,1.4,40.0,3 Special Defense,3,90,270,3
Latios,Dragon; Psychic,600,80,90,80,130,110,110,Eon,2.0,60.0,3 Special Attack,3,90,270,3
Kyogre,Water,670,100,100,90,150,140,90,Sea Basin,4.5,352.0,3 Special Attack,3,0,302,3
Groudon,Ground,670,100,150,140,100,90,90,Continent,3.5,950.0,3 Attack,3,0,302,3
Rayquaza,Dragon; Flying,680,105,150,90,150,90,95,Sky High,7.0,206.5,2 Attack; 1 Special Attack,45,0,306,3
Jirachi,Steel; Psychic,600,100,100,100,100,100,100,Wish,0.3,1.1,3 HP,3,100,270,3
Deoxys,Psychic,600,50,150,50,150,50,150,DNA,1.7,60.8,1 Attack; 1 Special Attack; 1 Speed,3,0,270,3
Turtwig,Grass,318,55,68,64,45,55,31,Tiny Leaf,0.4,10.2,1 Attack,45,50,64,4
Grotle,Grass,405,75,89,85,55,65,36,Grove,1.1,97.0,1 Attack; 1 Defense,45,50,142,4
Torterra,Grass; Ground,525,95,109,105,75,85,56,Continent,2.2,310.0,2 Attack; 1 Defense,45,50,236,4
Chimchar,Fire,309,44,58,44,58,44,61,Chimp,0.5,6.2,1 Speed,45,50,62,4
Monferno,Fire; Fighting,405,64,78,52,78,52,81,Playful,0.9,22.0,1 Special Attack; 1 Speed,45,50,142,4
Infernape,Fire; Fighting,534,76,104,71,104,71,108,Flame,1.2,55.0,1 Attack; 1 Special Attack; 1 Speed,45,50,240,4
Piplup,Water,314,53,51,53,61,56,40,Penguin,0.4,5.2,1 Special Attack,45,50,63,4
Prinplup,Water,405,64,66,68,81,76,50,Penguin,0.8,23.0,2 Special Attack,45,50,142,4
Empoleon,Water; Steel,530,84,86,88,111,101,60,Emperor,1.7,84.5,3 Special Attack,45,50,239,4
Starly,Normal; Flying,245,40,55,30,30,30,60,Starling,0.3,2.0,1 Speed,255,50,49,4
Staravia,Normal; Flying,340,55,75,50,40,40,80,Starling,0.6,15.5,2 Speed,120,50,119,4
Staraptor,Normal; Flying,485,85,120,70,50,60,100,Predator,1.2,24.9,3 Attack,45,50,218,4
Bidoof,Normal,250,59,45,40,35,40,31,Plump Mouse,0.5,20.0,1 HP,255,50,50,4
Bibarel,Normal; Water,410,79,85,60,55,60,71,Beaver,1.0,31.5,2 Attack,127,50,144,4
Kricketot,Bug,194,37,25,41,25,41,25,Cricket,0.3,2.2,1 Defense,255,50,39,4
Kricketune,Bug,384,77,85,51,55,51,65,Cricket,1.0,25.5,2 Attack,45,50,134,4
Shinx,Electric,263,45,65,34,40,34,45,Flash,0.5,9.5,1 Attack,235,50,53,4
Luxio,Electric,363,60,85,49,60,49,60,Spark,0.9,30.5,2 Attack,120,100,127,4
Luxray,Electric,523,80,120,79,95,79,70,Gleam Eyes,1.4,42.0,3 Attack,45,50,235,4
Budew,Grass; Poison,280,40,30,35,50,70,55,Bud,0.2,1.2,1 Special Attack,255,50,56,4
Roserade,Grass; Poison,515,60,70,65,125,105,90,Bouquet,0.9,14.5,3 Special Attack,75,50,232,4
Cranidos,Rock,350,67,125,40,30,30,58,Head Butt,0.9,31.5,1 Attack,45,50,70,4
Rampardos,Rock,495,97,165,60,65,50,58,Head Butt,1.6,102.5,2 Attack,45,50,173,4
Shieldon,Rock; Steel,350,30,42,118,42,88,30,Shield,0.5,57.0,1 Defense,45,50,70,4
Bastiodon,Rock; Steel,495,60,52,168,47,138,30,Shield,1.3,149.5,2 Defense,45,50,173,4
Burmy,Bug,224,40,29,45,29,45,36,Bagworm,0.2,3.4,1 Special Defense,120,50,45,4
Wormadam,Bug; Grass,424,60,59,85,79,105,36,Bagworm,0.5,6.5,2 Special Defense,45,50,148,4
Mothim,Bug; Flying,424,70,94,50,94,50,66,Moth,0.9,23.3,1 Attack; 1 Special Attack,45,50,148,4
Combee,Bug; Flying,244,30,30,42,30,42,70,Tiny Bee,0.3,5.5,1 Speed,120,50,49,4
Vespiquen,Bug; Flying,474,70,80,102,80,102,40,Beehive,1.2,38.5,1 Defense; 1 Special Defense,45,50,166,4
Pachirisu,Electric,405,60,45,70,45,90,95,EleSquirrel,0.4,3.9,1 Speed,200,100,142,4
Buizel,Water,330,55,65,35,60,30,85,Sea Weasel,0.7,29.5,1 Speed,190,50,66,4
Floatzel,Water,495,85,105,55,85,50,115,Sea Weasel,1.1,33.5,2 Speed,75,50,173,4
Cherubi,Grass,275,45,35,45,62,53,35,Cherry,0.4,3.3,1 Special Attack,190,50,55,4
Cherrim,Grass,450,70,60,70,87,78,85,Blossom,0.5,9.3,2 Special Attack,75,50,158,4
Shellos,Water,325,76,48,48,57,62,34,Sea Slug,0.3,6.3,1 HP,190,50,65,4
Gastrodon,Water; Ground,475,111,83,68,92,82,39,Sea Slug,0.9,29.9,2 HP,75,50,166,4
Ambipom,Normal,482,75,100,66,60,66,115,Long Tail,1.2,20.3,2 Speed,45,100,169,4
Drifloon,Ghost; Flying,348,90,50,34,60,44,70,Balloon,0.4,1.2,1 HP,125,50,70,4
Drifblim,Ghost; Flying,498,150,80,44,90,54,80,Blimp,1.2,15.0,2 HP,60,50,174,4
Buneary,Normal,350,55,66,44,44,56,85,Rabbit,0.4,5.5,1 Speed,190,0,70,4
Lopunny,Normal,480,65,76,84,54,96,105,Rabbit,1.2,33.3,2 Speed,60,140,168,4
Mismagius,Ghost,495,60,60,60,105,105,105,Magical,0.9,4.4,1 Special Attack; 1 Special Defense,45,35,173,4
Honchkrow,Dark; Flying,505,100,125,52,105,52,71,Big Boss,0.9,27.3,2 Attack,30,35,177,4
Glameow,Normal,310,49,55,42,42,37,85,Catty,0.5,3.9,1 Speed,190,50,62,4
Purugly,Normal,452,71,82,64,64,59,112,Tiger Cat,1.0,43.8,2 Speed,75,50,158,4
Chingling,Psychic,285,45,30,50,65,50,45,Bell,0.2,0.6,1 Special Attack,120,50,57,4
Stunky,Poison; Dark,329,63,63,47,41,41,74,Skunk,0.4,19.2,1 Speed,225,50,66,4
Skuntank,Poison; Dark,479,103,93,67,71,61,84,Skunk,1.0,38.0,2 HP,60,50,168,4
Bronzor,Steel; Psychic,300,57,24,86,24,86,23,Bronze,0.5,60.5,1 Defense,255,50,60,4
Bronzong,Steel; Psychic,500,67,89,116,79,116,33,Bronze Bell,1.3,187.0,1 Defense; 1 Special Defense,90,50,175,4
Bonsly,Rock,290,50,80,95,10,45,10,Bonsai,0.5,15.0,1 Defense,255,50,58,4
Mime Jr.,Psychic; Fairy,310,20,25,45,70,90,60,Mime,0.6,13.0,1 Special Defense,145,50,62,4
Happiny,Normal,220,100,5,5,15,65,30,Playhouse,0.6,24.4,1 HP,130,140,110,4
Chatot,Normal; Flying,411,76,65,45,92,42,91,Music Note,0.5,1.9,1 Attack,30,35,144,4
Spiritomb,Ghost; Dark,485,50,92,108,92,108,35,Forbidden,1.0,108.0,1 Defense; 1 Special Defense,100,50,170,4
Gible,Dragon; Ground,300,58,70,45,40,45,42,Land Shark,0.7,20.5,1 Attack,45,50,60,4
Gabite,Dragon; Ground,410,68,90,65,50,55,82,Cave,1.4,56.0,2 Attack,45,50,144,4
Garchomp,Dragon; Ground,600,108,130,95,80,85,102,Mach,1.9,95.0,3 Attack,45,50,270,4
Munchlax,Normal,390,135,85,40,40,85,5,Big Eater,0.6,105.0,1 HP,50,50,78,4
Riolu,Fighting,285,40,70,40,35,40,60,Emanation,0.7,20.2,1 Attack,75,50,57,4
Lucario,Fighting; Steel,525,70,110,70,115,70,90,Aura,1.2,54.0,1 Attack; 1 Special Attack,45,50,184,4
Hippopotas,Ground,330,68,72,78,38,42,32,Hippo,0.8,49.5,1 Defense,140,50,66,4
Hippowdon,Ground,525,108,112,118,68,72,47,Heavyweight,2.0,300.0,2 Defense,60,50,184,4
Skorupi,Poison; Bug,330,40,50,90,30,55,65,Scorpion,0.8,12.0,1 Defense,120,50,66,4
Drapion,Poison; Dark,500,70,90,110,60,75,95,Ogre Scorp,1.3,61.5,2 Defense,45,50,175,4
Croagunk,Poison; Fighting,300,48,61,40,61,40,50,Toxic Mouth,0.7,23.0,1 Attack,140,100,60,4
Toxicroak,Poison; Fighting,490,83,106,65,86,65,85,Toxic Mouth,1.3,44.4,2 Attack,75,50,172,4
Carnivine,Grass,454,74,100,72,90,72,46,Bug Catcher,1.4,27.0,2 Attack,200,50,159,4
Finneon,Water,330,49,49,56,49,61,66,Wing Fish,0.4,7.0,1 Speed,190,50,66,4
Lumineon,Water,460,69,69,76,69,86,91,Neon,1.2,24.0,2 Speed,75,50,161,4
Mantyke,Water; Flying,345,45,20,50,60,120,50,Kite,1.0,65.0,1 Special Defense,25,50,69,4
Snover,Grass; Ice,334,60,62,50,62,60,40,Frost Tree,1.0,50.5,1 Attack,120,50,67,4
Abomasnow,Grass; Ice,494,90,92,75,92,85,60,Frost Tree,2.2,135.5,1 Attack; 1 Special Attack,60,50,173,4
Weavile,Dark; Ice,510,70,120,65,45,85,125,Sharp Claw,1.1,34.0,1 Attack; 1 Speed,45,35,179,4
Magnezone,Electric; Steel,535,70,70,115,130,90,60,Magnet Area,1.2,180.0,3 Special Attack,30,50,241,4
Lickilicky,Normal,515,110,85,95,80,95,50,Licking,1.7,140.0,3 HP,30,50,180,4
Rhyperior,Ground; Rock,535,115,140,130,55,55,40,Drill,2.4,282.8,3 Attack,30,50,241,4
Tangrowth,Grass,535,100,100,125,110,50,50,Vine,2.0,128.6,2 Defense,30,50,187,4
Electivire,Electric,540,75,123,67,95,85,95,Thunderbolt,1.8,138.6,3 Attack,30,50,243,4
Magmortar,Fire,540,75,95,67,125,95,83,Blast,1.6,68.0,3 Special Attack,30,50,243,4
Togekiss,Fairy; Flying,545,85,50,95,120,115,80,Jubilee,1.5,38.0,2 Special Attack; 1 Special Defense,30,50,245,4
Yanmega,Bug; Flying,515,86,76,86,116,56,95,Ogre Darner,1.9,51.5,2 Attack,30,50,180,4
Leafeon,Grass,525,65,110,130,60,65,95,Verdant,1.0,25.5,2 Defense,45,35,184,4
Glaceon,Ice,525,65,60,110,130,95,65,Fresh Snow,0.8,25.9,2 Special Attack,45,35,184,4
Gliscor,Ground; Flying,510,75,95,125,45,75,95,Fang Scorp,2.0,42.5,2 Defense,30,50,179,4
Mamoswine,Ice; Ground,530,110,130,80,70,60,80,Twin Tusk,2.5,291.0,3 Attack,50,50,239,4
Porygon-Z,Normal,535,85,80,70,135,75,90,Virtual,0.9,34.0,3 Special Attack,30,50,241,4
Gallade,Psychic; Fighting,518,68,125,65,65,115,80,Blade,1.6,52.0,3 Attack,45,35,233,4
Probopass,Rock; Steel,525,60,55,145,75,150,40,Compass,1.4,340.0,1 Defense; 2 Special Defense,60,50,184,4
Dusknoir,Ghost,525,45,100,135,65,135,45,Gripper,2.2,106.6,1 Defense; 2 Special Defense,45,35,236,4
Froslass,Ice; Ghost,480,70,80,70,80,70,110,Snow Land,1.3,26.6,2 Speed,75,50,168,4
Rotom,Electric; Ghost,440,50,50,77,95,77,91,Plasma,0.3,0.3,1 Special Attack; 1 Speed,45,50,154,4
Uxie,Psychic,580,75,75,130,75,130,95,Knowledge,0.3,0.3,2 Defense; 1 Special Defense,3,140,261,4
Mesprit,Psychic,580,80,105,105,105,105,80,Emotion,0.3,0.3,1 Attack; 1 Special Attack; 1 Special Defense,3,140,261,4
Azelf,Psychic,580,75,125,70,125,70,115,Willpower,0.3,0.3,2 Attack; 1 Special Attack,3,140,261,4
Dialga,Steel; Dragon,680,100,120,120,150,100,90,Temporal,5.4,683.0,3 Special Attack,3,0,306,4
Palkia,Water; Dragon,680,90,120,100,150,120,100,Spatial,4.2,336.0,3 Special Attack,3,0,306,4
Heatran,Fire; Steel,600,91,90,106,130,106,77,Lava Dome,1.7,430.0,3 Special Attack,3,100,270,4
Regigigas,Normal,670,110,160,110,80,110,100,Colossal,3.7,420.0,3 Attack,3,0,302,4
Giratina,Ghost; Dragon,680,150,100,120,100,120,90,Renegade,4.5,750.0,3 HP,3,0,306,4
Cresselia,Psychic,600,120,70,120,75,130,85,Lunar,1.5,85.6,3 Special Defense,3,100,270,4
Phione,Water,480,80,80,80,80,80,80,Sea Drifter,0.4,3.1,1 HP,30,50,216,4
Manaphy,Water,600,100,100,100,100,100,100,Seafaring,0.3,1.4,3 HP,3,50,270,4
Darkrai,Dark,600,70,90,90,135,90,125,Pitch-Black,1.5,50.5,2 Special Attack; 1 Speed,3,0,270,4
Shaymin,Grass,600,100,100,100,100,100,100,Gratitude,0.2,2.1,3 HP,45,100,270,4
Arceus,Normal,720,120,120,120,120,120,120,Alpha,3.2,320.0,3 HP,3,0,324,4
Victini,Psychic; Fire,600,100,100,100,100,100,100,Victory,0.4,4.0,3 HP,3,100,270,5
Snivy,Grass,308,45,45,55,45,55,63,Grass Snake,0.6,8.1,1 Speed,45,50,62,5
Servine,Grass,413,60,60,75,60,75,83,Grass Snake,0.8,16.0,2 Speed,45,50,145,5
Serperior,Grass,528,75,75,95,75,95,113,Regal,3.3,63.0,3 Speed,45,50,238,5
Tepig,Fire,308,65,63,45,45,45,45,Fire Pig,0.5,9.9,1 HP,45,50,62,5
Pignite,Fire; Fighting,418,90,93,55,70,55,55,Fire Pig,1.0,55.5,2 Attack,45,50,146,5
Emboar,Fire; Fighting,528,110,123,65,100,65,65,Mega Fire Pig,1.6,150.0,3 Attack,45,50,238,5
Oshawott,Water,308,55,55,45,63,45,45,Sea Otter,0.5,5.9,1 Special Attack,45,50,62,5
Dewott,Water,413,75,75,60,83,60,60,Discipline,0.8,24.5,2 Special Attack,45,50,145,5
Samurott,Water,528,95,100,85,108,70,70,Formidable,1.5,94.6,3 Special Attack,45,50,238,5
Patrat,Normal,255,45,55,39,35,39,42,Scout,0.5,11.6,1 Attack,255,50,51,5
Watchog,Normal,420,60,85,69,60,69,77,Lookout,1.1,27.0,2 Attack,255,50,147,5
Lillipup,Normal,275,45,60,45,25,45,55,Puppy,0.4,4.1,1 Attack,255,50,55,5
Herdier,Normal,370,65,80,65,35,65,60,Loyal Dog,0.9,14.7,2 Attack,120,50,130,5
Stoutland,Normal,500,85,110,90,45,90,80,Big-Hearted,1.2,61.0,3 Attack,45,50,225,5
Purrloin,Dark,281,41,50,37,50,37,66,Devious,0.4,10.1,1 Speed,255,50,56,5
Liepard,Dark,446,64,88,50,88,50,106,Cruel,1.1,37.5,2 Speed,90,50,156,5
Pansage,Grass,316,50,53,48,53,48,64,Grass Monkey,0.6,10.5,1 Speed,190,50,63,5
Simisage,Grass,498,75,98,63,98,63,101,Thorn Monkey,1.1,30.5,2 Speed,75,50,174,5
Pansear,Fire,316,50,53,48,53,48,64,High Temp,0.6,11.0,1 Speed,190,50,63,5
Simisear,Fire,498,75,98,63,98,63,101,Ember,1.0,28.0,2 Speed,75,50,174,5
Panpour,Water,316,50,53,48,53,48,64,Spray,0.6,13.5,1 Speed,190,50,63,5
Simipour,Water,498,75,98,63,98,63,101,Geyser,1.0,29.0,2 Speed,75,50,174,5
Munna,Psychic,292,76,25,45,67,55,24,Dream Eater,0.6,23.3,1 HP,190,50,58,5
Musharna,Psychic,487,116,55,85,107,95,29,Drowsing,1.1,60.5,2 HP,75,50,170,5
Pidove,Normal; Flying,264,50,55,50,36,30,43,Tiny Pigeon,0.3,2.1,1 Attack,255,50,53,5
Tranquill,Normal; Flying,358,62,77,62,50,42,65,Wild Pigeon,0.6,15.0,2 Attack,120,50,125,5
Unfezant,Normal; Flying,488,80,115,80,65,55,93,Proud,1.2,29.0,3 Attack,45,50,220,5
Blitzle,Electric,295,45,60,32,50,32,76,Electrified,0.8,29.8,1 Speed,190,50,59,5
Zebstrika,Electric,497,75,100,63,80,63,116,Thunderbolt,1.6,79.5,2 Speed,75,50,174,5
Roggenrola,Rock,280,55,75,85,25,25,15,Mantle,0.4,18.0,1 Defense,255,50,56,5
Boldore,Rock,390,70,105,105,50,40,20,Ore,0.9,102.0,1 Attack; 1 Defense,120,50,137,5
Gigalith,Rock,515,85,135,130,60,80,25,Compressed,1.7,260.0,3 Attack,45,50,232,5
Woobat,Psychic; Flying,323,65,45,43,55,43,72,Bat,0.4,2.1,1 Speed,190,50,65,5
Swoobat,Psychic; Flying,425,67,57,55,77,55,114,Courting,0.9,10.5,2 Speed,45,50,149,5
Drilbur,Ground,328,60,85,40,30,45,68,Mole,0.3,8.5,1 Attack,120,50,66,5
Excadrill,Ground; Steel,508,110,135,60,50,65,88,Subterrene,0.7,40.4,2 Attack,60,50,178,5
Audino,Normal,445,103,60,86,60,86,50,Hearing,1.1,31.0,2 HP,255,50,390,5
Timburr,Fighting,305,75,80,55,25,35,35,Muscular,0.6,12.5,1 Attack,180,70,61,5
Gurdurr,Fighting,405,85,105,85,40,50,40,Muscular,1.2,40.0,2 Attack,90,50,142,5
Conkeldurr,Fighting,505,105,140,95,55,65,45,Muscular,1.4,87.0,3 Attack,45,50,227,5
Tympole,Water,294,50,50,40,50,40,64,Tadpole,0.5,4.5,1 Speed,255,50,59,5
Palpitoad,Water; Ground,384,75,65,55,65,55,69,Vibration,0.8,17.0,2 HP,120,50,134,5
Seismitoad,Water; Ground,509,105,95,75,85,75,74,Vibration,1.5,62.0,3 HP,45,50,229,5
Throh,Fighting,465,120,100,85,30,85,45,Judo,1.3,55.5,2 HP,45,50,163,5
Sawk,Fighting,465,75,125,75,30,75,85,Karate,1.4,51.0,2 Attack,45,50,163,5
Sewaddle,Bug; Grass,310,45,53,70,40,60,42,Sewing,0.3,2.5,1 Defense,255,50,62,5
Swadloon,Bug; Grass,380,55,63,90,50,80,42,Leaf-Wrapped,0.5,7.3,2 Defense,120,50,133,5
Leavanny,Bug; Grass,500,75,103,80,70,80,92,Nurturing,1.2,20.5,3 Attack,45,50,225,5
Venipede,Bug; Poison,260,30,45,59,30,39,57,Centipede,0.4,5.3,1 Defense,255,50,52,5
Whirlipede,Bug; Poison,360,40,55,99,40,79,47,Curlipede,1.2,58.5,2 Defense,120,50,126,5
Scolipede,Bug; Poison,485,60,100,89,55,69,112,Megapede,2.5,200.5,3 Speed,45,50,218,5
Cottonee,Grass; Fairy,280,40,27,60,37,50,66,Cotton Puff,0.3,0.6,1 Speed,190,50,56,5
Whimsicott,Grass; Fairy,480,60,67,85,77,75,116,Windveiled,0.7,6.6,2 Speed,75,50,168,5
Petilil,Grass,280,45,35,50,70,50,30,Bulb,0.5,6.6,1 Special Attack,190,50,56,5
Lilligant,Grass,480,70,60,75,110,75,90,Flowering,1.1,16.3,2 Special Attack,75,50,168,5
Basculin,Water,460,70,92,65,80,55,98,Hostile,1.0,18.0,2 Speed,25,50,161,5
Sandile,Ground; Dark,292,50,72,35,35,35,65,Desert Croc,0.7,15.2,1 Attack,180,50,58,5
Krokorok,Ground; Dark,351,60,82,45,45,45,74,Desert Croc,1.0,33.4,2 Attack,90,50,123,5
Krookodile,Ground; Dark,519,95,117,80,65,70,92,Intimidation,1.5,96.3,3 Attack,45,50,234,5
Darumaka,Fire,315,70,90,45,15,45,50,Zen Charm,0.6,37.5,1 Attack,120,50,63,5
Darmanitan,Fire,480,105,140,55,30,55,95,Blazing,1.3,92.9,2 Attack,60,50,168,5
Maractus,Grass,461,75,86,67,106,67,60,Cactus,1.0,28.0,2 Special Attack,255,50,161,5
Dwebble,Bug; Rock,325,50,65,85,35,35,55,Rock Inn,0.3,14.5,1 Defense,190,50,65,5
Crustle,Bug; Rock,485,70,105,125,65,75,45,Stone Home,1.4,200.0,2 Defense,75,50,170,5
Scraggy,Dark; Fighting,348,50,75,70,35,70,48,Shedding,0.6,11.8,1 Attack,180,35,70,5
Scrafty,Dark; Fighting,488,65,90,115,45,115,58,Hoodlum,1.1,30.0,1 Defense; 1 Special Defense,90,50,171,5
Sigilyph,Psychic; Flying,490,72,58,80,103,80,97,Avianoid,1.4,14.0,2 Special Attack,45,50,172,5
Yamask,Ghost,303,38,30,85,55,65,30,Spirit,0.5,1.5,1 Defense,190,50,61,5
Cofagrigus,Ghost,483,58,50,145,95,105,30,Coffin,1.7,76.5,2 Defense,90,50,169,5
Tirtouga,Water; Rock,355,54,78,103,53,45,22,Prototurtle,0.7,16.5,1 Defense,45,50,71,5
Carracosta,Water; Rock,495,74,108,133,83,65,32,Prototurtle,1.2,81.0,2 Defense,45,50,173,5
Archen,Rock; Flying,401,55,112,45,74,45,70,First Bird,0.5,9.5,1 Attack,45,50,71,5
Archeops,Rock; Flying,567,75,140,65,112,65,110,First Bird,1.4,32.0,2 Attack,45,50,177,5
Trubbish,Poison,329,50,50,62,40,62,65,Trash Bag,0.6,31.0,1 Speed,190,50,66,5
Garbodor,Poison,474,80,95,82,60,82,75,Trash Heap,1.9,107.3,2 Attack,60,50,166,5
Zorua,Dark,330,40,65,40,80,40,65,Tricky Fox,0.7,12.5,1 Special Attack,75,50,66,5
Zoroark,Dark,510,60,105,60,120,60,105,Illusion Fox,1.6,81.1,2 Special Attack,45,50,179,5
Minccino,Normal,300,55,50,40,40,40,75,Chinchilla,0.4,5.8,1 Speed,255,50,60,5
Cinccino,Normal,470,75,95,60,65,60,115,Scarf,0.5,7.5,2 Speed,60,50,165,5
Gothita,Psychic,290,45,30,50,55,65,45,Fixation,0.4,5.8,1 Special Defense,200,50,58,5
Gothorita,Psychic,390,60,45,70,75,85,55,Manipulate,0.7,18.0,2 Special Defense,100,50,137,5
Gothitelle,Psychic,490,70,55,95,95,110,65,Astral Body,1.5,44.0,3 Special Defense,50,50,221,5
Solosis,Psychic,290,45,30,40,105,50,20,Cell,0.3,1.0,1 Special Attack,200,50,58,5
Duosion,Psychic,370,65,40,50,125,60,30,Mitosis,0.6,8.0,2 Special Attack,100,50,130,5
Reuniclus,Psychic,490,110,65,75,125,85,30,Multiplying,1.0,20.1,3 Special Attack,50,50,221,5
Ducklett,Water; Flying,305,62,44,50,44,50,55,Water Bird,0.5,5.5,1 HP,190,50,61,5
Swanna,Water; Flying,473,75,87,63,87,63,98,White Bird,1.3,24.2,2 Speed,45,50,166,5
Vanillite,Ice,305,36,50,50,65,60,44,Fresh Snow,0.4,5.7,1 Special Attack,255,50,61,5
Vanillish,Ice,395,51,65,65,80,75,59,Icy Snow,1.1,41.0,2 Special Attack,120,50,138,5
Vanilluxe,Ice,535,71,95,85,110,95,79,Snowstorm,1.3,57.5,3 Special Attack,45,50,241,5
Deerling,Normal; Grass,335,60,60,50,40,50,75,Season,0.6,19.5,1 Speed,190,50,67,5
Sawsbuck,Normal; Grass,475,80,100,70,60,70,95,Season,1.9,92.5,2 Attack,75,50,166,5
Emolga,Electric; Flying,428,55,75,60,75,60,103,Sky Squirrel,0.4,5.0,2 Speed,200,50,150,5
Karrablast,Bug,315,50,75,45,40,45,60,Clamping,0.5,5.9,1 Attack,200,50,63,5
Escavalier,Bug; Steel,495,70,135,105,60,105,20,Cavalry,1.0,33.0,2 Attack,75,50,173,5
Foongus,Grass; Poison,294,69,55,45,55,55,15,Mushroom,0.2,1.0,1 HP,190,50,59,5
Amoonguss,Grass; Poison,464,114,85,70,85,80,30,Mushroom,0.6,10.5,2 HP,75,50,162,5
Frillish,Water; Ghost,335,55,40,50,65,85,40,Floating,1.2,33.0,1 Special Defense,190,50,67,5
Jellicent,Water; Ghost,480,100,60,70,85,105,60,Floating,2.2,135.0,2 Special Defense,60,50,168,5
Alomomola,Water,470,165,75,80,40,45,65,Caring,1.2,31.6,2 HP,75,50,165,5
Joltik,Bug; Electric,319,50,47,50,57,50,65,Attaching,0.1,0.6,1 Speed,190,50,64,5
Galvantula,Bug; Electric,472,70,77,60,97,60,108,EleSpider,0.8,14.3,2 Speed,75,50,165,5
Ferroseed,Grass; Steel,305,44,50,91,24,86,10,Thorn Seed,0.6,18.8,1 Defense,255,50,61,5
Ferrothorn,Grass; Steel,489,74,94,131,54,116,20,Thorn Pod,1.0,110.0,2 Defense,90,50,171,5
Klink,Steel,300,40,55,70,45,60,30,Gear,0.3,21.0,1 Defense,130,50,60,5
Klang,Steel,440,60,80,95,70,85,50,Gear,0.6,51.0,2 Defense,60,50,154,5
Klinklang,Steel,520,60,100,115,70,85,90,Gear,0.6,81.0,3 Defense,30,50,234,5
Tynamo,Electric,275,35,55,40,45,40,60,EleFish,0.2,0.3,1 Speed,190,50,55,5
Eelektrik,Electric,405,65,85,70,75,70,40,EleFish,1.2,22.0,2 Attack,60,50,142,5
Eelektross,Electric,515,85,115,80,105,80,50,EleFish,2.1,80.5,3 Attack,30,50,232,5
Elgyem,Psychic,335,55,55,55,85,55,30,Cerebral,0.5,9.0,1 Special Attack,255,50,67,5
Beheeyem,Psychic,485,75,75,75,125,95,40,Cerebral,1.0,34.5,2 Special Attack,90,50,170,5
Litwick,Ghost; Fire,275,50,30,55,65,55,20,Candle,0.3,3.1,1 Special Attack,190,50,55,5
Lampent,Ghost; Fire,370,60,40,60,95,60,55,Lamp,0.6,13.0,2 Special Attack,90,50,130,5
Chandelure,Ghost; Fire,520,60,55,90,145,90,80,Luring,1.0,34.3,3 Special Attack,45,50,234,5
Axew,Dragon,320,46,87,60,30,40,57,Tusk,0.6,18.0,1 Attack,75,35,64,5
Fraxure,Dragon,410,66,117,70,40,50,67,Axe Jaw,1.0,36.0,2 Attack,60,35,144,5
Haxorus,Dragon,540,76,147,90,60,70,97,Axe Jaw,1.8,105.5,3 Attack,45,35,243,5
Cubchoo,Ice,305,55,70,40,60,40,40,Chill,0.5,8.5,1 Attack,120,50,61,5
Beartic,Ice,505,95,130,80,70,80,50,Freezing,2.6,260.0,2 Attack,60,50,177,5
Cryogonal,Ice,515,80,50,50,95,135,105,Crystallizing,1.1,148.0,2 Special Defense,25,50,180,5
Shelmet,Bug,305,50,40,85,40,65,25,Snail,0.4,7.7,1 Defense,200,50,61,5
Accelgor,Bug,495,80,70,40,100,60,145,Shell Out,0.8,25.3,2 Speed,75,50,173,5
Stunfisk,Ground; Electric,471,109,66,84,81,99,32,Trap,0.7,11.0,2 HP,75,70,165,5
Mienfoo,Fighting,350,45,85,50,55,50,65,Martial Arts,0.9,20.0,1 Attack,180,50,70,5
Mienshao,Fighting,510,65,125,60,95,60,105,Martial Arts,1.4,35.5,2 Attack,45,50,179,5
Druddigon,Dragon,485,77,120,90,60,90,48,Cave,1.6,139.0,2 Attack,45,50,170,5
Golett,Ground; Ghost,303,59,74,50,35,50,35,Automaton,1.0,92.0,1 Attack,190,50,61,5
Golurk,Ground; Ghost,483,89,124,80,55,80,55,Automaton,2.8,330.0,2 Attack,90,50,169,5
Pawniard,Dark; Steel,340,45,85,70,40,40,60,Sharp Blade,0.5,10.2,1 Attack,120,35,68,5
Bisharp,Dark; Steel,490,65,125,100,60,70,70,Sword Blade,1.6,70.0,2 Attack,45,35,172,5
Bouffalant,Normal,490,95,110,95,40,95,55,Bash Buffalo,1.6,94.6,2 Attack,45,50,172,5
Rufflet,Normal; Flying,350,70,83,50,37,50,60,Eaglet,0.5,10.5,1 Attack,190,50,70,5
Braviary,Normal; Flying,510,100,123,75,57,75,80,Valiant,1.5,41.0,2 Attack,60,50,179,5
Vullaby,Dark; Flying,370,70,55,75,45,65,60,Diapered,0.5,9.0,1 Defense,190,35,74,5
Mandibuzz,Dark; Flying,510,110,65,105,55,95,80,Bone Vulture,1.2,39.5,2 Special Attack,60,35,179,5
Heatmor,Fire,484,85,97,66,105,66,65,Anteater,1.4,58.0,2 Special Attack,90,50,169,5
Durant,Bug; Steel,484,58,109,112,48,48,109,Iron Ant,0.3,33.0,2 Defense,90,50,169,5
Deino,Dark; Dragon,300,52,65,50,45,50,38,Irate,0.8,17.3,1 Attack,45,35,60,5
Zweilous,Dark; Dragon,420,72,85,70,65,70,58,Hostile,1.4,50.0,2 Attack,45,35,147,5
Hydreigon,Dark; Dragon,600,92,105,90,125,90,98,Brutal,1.8,160.0,3 Special Attack,45,35,270,5
Larvesta,Bug; Fire,360,55,85,55,50,55,60,Torch,1.1,28.8,1 Attack,45,50,72,5
Volcarona,Bug; Fire,550,85,60,65,135,105,100,Sun,1.6,46.0,3 Special Attack,15,50,248,5
Cobalion,Steel; Fighting,580,91,90,129,90,72,108,Iron Will,2.1,250.0,3 Defense,3,35,261,5
Terrakion,Rock; Fighting,580,91,129,90,72,90,108,Cavern,1.9,260.0,3 Attack,3,35,261,5
Virizion,Grass; Fighting,580,91,90,72,90,129,108,Grassland,2.0,200.0,3 Special Defense,3,35,261,5
Tornadus,Flying,580,79,115,70,125,80,111,Cyclone,1.5,63.0,3 Attack,3,90,261,5
Thundurus,Electric; Flying,580,79,115,70,125,80,111,Bolt Strike,1.5,61.0,3 Attack,3,90,261,5
Reshiram,Dragon; Fire,680,100,120,100,150,120,90,Vast White,3.2,330.0,3 Special Attack,3,0,306,5
Zekrom,Dragon; Electric,680,100,150,120,120,100,90,Deep Black,2.9,345.0,3 Attack,3,0,306,5
Landorus,Ground; Flying,600,89,125,90,115,80,101,Abundance,1.5,68.0,3 Special Attack,3,90,270,5
Kyurem,Dragon; Ice,660,125,130,90,130,90,95,Boundary,3.0,325.0,1 HP; 1 Attack; 1 Special Attack,3,0,297,5
Keldeo,Water; Fighting,580,91,72,90,129,90,108,Colt,1.4,48.5,3 Special Attack,3,35,261,5
Meloetta,Normal; Psychic,600,100,77,77,128,128,90,Melody,0.6,6.5,1 Special Attack; 1 Special Defense; 1 Speed,3,100,270,5
Genesect,Bug; Steel,600,71,120,95,120,95,99,Paleozoic,1.5,82.5,1 Attack; 1 Special Attack; 1 Speed,3,0,270,5
Chespin,Grass,313,56,61,65,48,45,38,Spiny Nut,0.4,9.0,1 Defense,45,50,63,6
Quilladin,Grass,405,61,78,95,56,58,57,Spiny Armor,0.7,29.0,2 Defense,45,50,142,6
Chesnaught,Grass; Fighting,530,88,107,122,74,75,64,Spiny Armor,1.6,90.0,3 Defense,45,50,239,6
Fennekin,Fire,307,40,45,40,62,60,60,Fox,0.4,9.4,1 Special Attack,45,50,61,6
Braixen,Fire,409,59,59,58,90,70,73,Fox,1.0,14.5,2 Special Attack,45,50,143,6
Delphox,Fire; Psychic,534,75,69,72,114,100,104,Fox,1.5,39.0,3 Special Attack,45,50,240,6
Froakie,Water,314,41,56,40,62,44,71,Bubble Frog,0.3,7.0,1 Speed,45,50,63,6
Frogadier,Water,405,54,63,52,83,56,97,Bubble Frog,0.6,10.9,2 Speed,45,50,142,6
Greninja,Water; Dark,530,72,95,67,103,71,122,Ninja,1.5,40.0,3 Speed,45,50,239,6
Bunnelby,Normal,237,38,36,38,32,36,57,Digging,0.4,5.0,1 Speed,255,50,47,6
Diggersby,Normal; Ground,423,85,56,77,50,77,78,Digging,1.0,42.4,2 HP,127,50,148,6
Fletchling,Normal; Flying,278,45,50,43,40,38,62,Tiny Robin,0.3,1.7,1 Speed,255,50,56,6
Fletchinder,Fire; Flying,382,62,73,55,56,52,84,Ember,0.7,16.0,2 Speed,120,50,134,6
Talonflame,Fire; Flying,499,78,81,71,74,69,126,Scorching,1.2,24.5,3 Speed,45,50,175,6
Scatterbug,Bug,200,38,35,40,27,25,35,Scatterdust,0.3,2.5,1 Defense,255,50,40,6
Spewpa,Bug,213,45,22,60,27,30,29,Scatterdust,0.3,8.4,2 Defense,120,50,75,6
Vivillon,Bug; Flying,411,80,52,50,90,50,89,Scale,1.2,17.0,1 HP; 1 Special Attack; 1 Speed,45,50,185,6
Litleo,Fire; Normal,369,62,50,58,73,54,72,Lion Cub,0.6,13.5,1 Special Attack,220,50,74,6
Pyroar,Fire; Normal,507,86,68,72,109,66,106,Royal,1.5,81.5,2 Special Attack,65,50,177,6
Flabébé,Fairy,303,44,38,39,61,79,42,Single Bloom,0.1,0.1,1 Special Defense,225,50,61,6
Floette,Fairy,371,54,45,47,75,98,52,Single Bloom,0.2,0.9,2 Special Defense,120,50,130,6
Florges,Fairy,552,78,65,68,112,154,75,Garden,1.1,10.0,3 Special Defense,45,50,248,6
Skiddo,Grass,350,66,65,48,62,57,52,Mount,0.9,31.0,1 HP,200,50,70,6
Gogoat,Grass,531,123,100,62,97,81,68,Mount,1.7,91.0,2 HP,45,50,186,6
Pancham,Fighting,348,67,82,62,46,48,43,Playful,0.6,8.0,1 Attack,220,50,70,6
Pangoro,Fighting; Dark,495,95,124,78,69,71,58,Daunting,2.1,136.0,2 Attack,65,50,173,6
Furfrou,Normal,472,75,80,60,65,90,102,Poodle,1.2,28.0,1 Speed,160,50,165,6
Espurr,Psychic,355,62,48,54,63,60,68,Restraint,0.3,3.5,1 Speed,190,50,71,6
Meowstic,Psychic,466,74,48,76,83,81,104,Constraint,0.6,8.5,2 Speed,75,50,163,6
Honedge,Steel; Ghost,325,45,80,100,35,37,28,Sword,0.8,2.0,1 Defense,180,50,65,6
Doublade,Steel; Ghost,448,59,110,150,45,49,35,Sword,0.8,4.5,2 Defense,90,50,157,6
Aegislash,Steel; Ghost,500,60,50,140,50,140,60,Royal Sword,1.7,53.0,2 Defense; 1 Special Defense,45,50,234,6
Spritzee,Fairy,341,78,52,60,63,65,23,Perfume,0.2,0.5,1 HP,200,50,68,6
Aromatisse,Fairy,462,101,72,72,99,89,29,Fragrance,0.8,15.5,2 HP,140,50,162,6
Swirlix,Fairy,341,62,48,66,59,57,49,Cotton Candy,0.4,3.5,1 Defense,200,50,68,6
Slurpuff,Fairy,480,82,80,86,85,75,72,Meringue,0.8,5.0,2 Defense,140,50,168,6
Inkay,Dark; Psychic,288,53,54,53,37,46,45,Revolving,0.4,3.5,1 Attack,190,50,58,6
Malamar,Dark; Psychic,482,86,92,88,68,75,73,Overturning,1.5,47.0,2 Attack,80,50,169,6
Binacle,Rock; Water,306,42,52,67,39,56,50,Two-Handed,0.5,31.0,1 Attack,120,50,61,6
Barbaracle,Rock; Water,500,72,105,115,54,86,68,Collective,1.3,96.0,2 Attack,45,50,175,6
Skrelp,Poison; Water,320,50,60,60,60,60,30,Mock Kelp,0.5,7.3,1 Special Defense,225,50,64,6
Dragalge,Poison; Dragon,494,65,75,90,97,123,44,Mock Kelp,1.8,81.5,2 Special Defense,55,50,173,6
Clauncher,Water,330,50,53,62,58,63,44,Water Gun,0.5,8.3,1 Special Attack,225,50,66,6
Clawitzer,Water,500,71,73,88,120,89,59,Howitzer,1.3,35.3,2 Special Attack,55,50,100,6
Helioptile,Electric; Normal,289,44,38,33,61,43,70,Generator,0.5,6.0,1 Speed,190,50,58,6
Heliolisk,Electric; Normal,481,62,55,52,109,94,109,Generator,1.0,21.0,1 Special Attack; 1 Speed,75,50,168,6
Tyrunt,Rock; Dragon,362,58,89,77,45,45,48,Royal Heir,0.8,26.0,1 Attack,45,50,72,6
Tyrantrum,Rock; Dragon,521,82,121,119,69,59,71,Despot,2.5,270.0,2 Attack,45,50,182,6
Amaura,Rock; Ice,362,77,59,50,67,63,46,Tundra,1.3,25.2,1 HP,45,50,72,6
Aurorus,Rock; Ice,521,123,77,72,99,92,58,Tundra,2.7,225.0,2 HP,45,50,104,6
Sylveon,Fairy,525,95,65,65,110,130,60,Intertwining,1.0,23.5,2 Special Defense,45,50,184,6
Hawlucha,Fighting; Flying,500,78,92,75,74,63,118,Wrestling,0.8,21.5,2 Attack,100,50,175,6
Dedenne,Electric; Fairy,431,67,58,57,81,67,101,Antenna,0.2,2.2,2 Speed,180,50,151,6
Carbink,Rock; Fairy,500,50,50,150,50,150,50,Jewel,0.3,5.7,1 Defense; 1 Special Defense,60,50,100,6
Goomy,Dragon,300,45,50,35,55,75,40,Soft Tissue,0.3,2.8,1 Special Defense,45,35,60,6
Sliggoo,Dragon,452,68,75,53,83,113,60,Soft Tissue,0.8,17.5,2 Special Defense,45,35,158,6
Goodra,Dragon,600,90,100,70,110,150,80,Dragon,2.0,150.5,3 Special Defense,45,35,270,6
Klefki,Steel; Fairy,470,57,80,91,80,87,75,Key Ring,0.2,3.0,1 Defense,75,50,165,6
Phantump,Ghost; Grass,309,43,70,48,50,60,38,Stump,0.4,7.0,1 Attack,120,50,62,6
Trevenant,Ghost; Grass,474,85,110,76,65,82,56,Elder Tree,1.5,71.0,2 Attack,60,50,166,6
Pumpkaboo,Ghost; Grass,335,49,66,70,44,55,51,Pumpkin,0.4,5.0,1 Defense,120,50,67,6
Gourgeist,Ghost; Grass,494,65,90,122,58,75,84,Pumpkin,0.9,12.5,2 Defense,60,50,173,6
Bergmite,Ice,304,55,69,85,32,35,28,Ice Chunk,1.0,99.5,1 Defense,190,50,61,6
Avalugg,Ice,514,95,117,184,44,46,28,Iceberg,2.0,505.0,2 Defense,55,50,180,6
Noibat,Flying; Dragon,245,40,30,35,45,40,55,Sound Wave,0.5,8.0,1 Speed,190,50,49,6
Noivern,Flying; Dragon,535,85,70,80,97,80,123,Sound Wave,1.5,85.0,2 Speed,45,50,187,6
Xerneas,Fairy,680,126,131,95,131,98,99,Life,3.0,215.0,3 HP,45,0,306,6
Yveltal,Dark; Flying,680,126,131,95,131,98,99,Destruction,5.8,203.0,3 HP,45,0,306,6
Zygarde,Dragon; Ground,600,108,100,121,81,95,95,Order,5.0,305.0,3 HP,3,0,270,6
Diancie,Rock; Fairy,600,50,100,150,100,150,50,Jewel,0.7,8.8,1 Defense; 2 Special Defense,3,50,270,6
Hoopa,Psychic; Ghost,600,80,110,60,150,130,70,Mischief,0.5,9.0,3 Special Attack,3,100,270,6
Volcanion,Fire; Water,600,80,110,120,130,90,70,Steam,1.7,195.0,3 Special Attack,3,100,270,6
Rowlet,Grass; Flying,320,68,55,55,50,50,42,Grass Quill,0.3,1.5,1 HP,45,50,64,7
Dartrix,Grass; Flying,420,78,75,75,70,70,52,Blade Quill,0.7,16.0,2 HP,45,50,147,7
Decidueye,Grass; Ghost,530,78,107,75,100,100,70,Arrow Quill,1.6,36.6,3 Attack,45,50,239,7
Litten,Fire,320,45,65,40,60,40,70,Fire Cat,0.4,4.3,1 Speed,45,50,64,7
Torracat,Fire,420,65,85,50,80,50,90,Fire Cat,0.7,25.0,2 Speed,45,50,147,7
Incineroar,Fire; Dark,530,95,115,90,80,90,60,Heel,1.8,83.0,3 Attack,45,50,239,7
Popplio,Water,320,50,54,54,66,56,40,Sea Lion,0.4,7.5,1 Special Attack,45,50,64,7
Brionne,Water,420,60,69,69,91,81,50,Pop Star,0.6,17.5,2 Special Attack,45,50,147,7
Primarina,Water; Fairy,530,80,74,74,126,116,60,Soloist,1.8,44.0,3 Special Attack,45,50,239,7
Pikipek,Normal; Flying,265,35,75,30,30,30,65,Woodpecker,0.3,1.2,1 Attack,255,50,53,7
Trumbeak,Normal; Flying,355,55,85,50,40,50,75,Bugle Beak,0.6,14.8,2 Attack,120,50,124,7
Toucannon,Normal; Flying,485,80,120,75,75,75,60,Cannon,1.1,26.0,3 Attack,45,50,218,7
Yungoos,Normal,253,48,70,30,30,30,45,Loitering,0.4,6.0,1 Attack,255,50,51,7
Gumshoos,Normal,418,88,110,60,55,60,45,Stakeout,0.7,14.2,2 Attack,127,50,146,7
Grubbin,Bug,300,47,62,45,55,45,46,Larva,0.4,4.4,1 Attack,255,50,60,7
Charjabug,Bug; Electric,400,57,82,95,55,75,36,Battery,0.5,10.5,2 Defense,120,50,140,7
Vikavolt,Bug; Electric,500,77,70,90,145,75,43,Stag Beetle,1.5,45.0,3 Special Attack,45,50,225,7
Crabrawler,Fighting,338,47,82,57,42,47,63,Boxing,0.6,7.0,1 Attack,225,50,68,7
Crabominable,Fighting; Ice,478,97,132,77,62,67,43,Woolly Crab,1.7,180.0,2 Attack,60,50,167,7
Oricorio,Fire; Flying,476,75,70,70,98,70,93,Dancing,0.6,3.4,2 Special Attack,45,50,167,7
Cutiefly,Bug; Fairy,304,40,45,40,55,40,84,Bee Fly,0.1,0.2,1 Speed,190,50,61,7
Ribombee,Bug; Fairy,464,60,55,60,95,70,124,Bee Fly,0.2,0.5,2 Speed,75,50,162,7
Rockruff,Rock,280,45,65,40,30,40,60,Puppy,0.5,9.2,1 Attack,190,50,56,7
Lycanroc,Rock,487,75,115,65,55,65,112,Wolf,0.8,25.0,2 Attack,90,50,170,7
Wishiwashi,Water,175,45,20,20,25,25,40,Small Fry,0.2,0.3,1 HP,60,50,61,7
Mareanie,Poison; Water,305,50,53,62,43,52,45,Brutal Star,0.4,8.0,1 Defense,190,50,61,7
Toxapex,Poison; Water,495,50,63,152,53,142,35,Brutal Star,0.7,14.5,2 Defense,75,50,173,7
Mudbray,Ground,385,70,100,70,45,55,45,Donkey,1.0,110.0,1 Attack,190,50,77,7
Mudsdale,Ground,500,100,125,100,55,85,35,Draft Horse,2.5,920.0,2 Attack,60,50,175,7
Dewpider,Water; Bug,269,38,40,52,40,72,27,Water Bubble,0.3,4.0,1 Special Defense,200,50,54,7
Araquanid,Water; Bug,454,68,70,92,50,132,42,Water Bubble,1.8,82.0,2 Special Defense,100,50,159,7
Fomantis,Grass,250,40,55,35,50,35,35,Sickle Grass,0.3,1.5,1 Attack,190,50,50,7
Lurantis,Grass,480,70,105,90,80,90,45,Bloom Sickle,0.9,18.5,2 Attack,75,50,168,7
Morelull,Grass; Fairy,285,40,35,55,65,75,15,Illuminating,0.2,1.5,1 Special Defense,190,50,57,7
Shiinotic,Grass; Fairy,405,60,45,80,90,100,30,Illuminating,1.0,11.5,2 Special Defense,75,50,142,7
Salandit,Poison; Fire,320,48,44,40,71,40,77,Toxic Lizard,0.6,4.8,1 Speed,120,50,64,7
Salazzle,Poison; Fire,480,68,64,60,111,60,117,Toxic Lizard,1.2,22.2,2 Speed,45,50,168,7
Stufful,Normal; Fighting,340,70,75,50,45,50,50,Flailing,0.5,6.8,1 Attack,140,50,68,7
Bewear,Normal; Fighting,500,120,125,80,55,60,60,Strong Arm,2.1,135.0,2 Attack,70,50,175,7
Bounsweet,Grass,210,42,30,38,30,38,32,Fruit,0.3,3.2,1 HP,235,50,42,7
Steenee,Grass,290,52,40,48,40,48,62,Fruit,0.7,8.2,2 Speed,120,50,102,7
Tsareena,Grass,510,72,120,98,50,98,72,Fruit,1.2,21.4,3 Attack,45,50,230,7
Comfey,Fairy,485,51,52,90,82,110,100,Posy Picker,0.1,0.3,2 Special Defense,60,50,170,7
Oranguru,Normal; Psychic,490,90,60,80,90,110,60,Sage,1.5,76.0,2 Special Defense,45,50,172,7
Passimian,Fighting,490,100,120,90,40,60,80,Teamwork,2.0,82.8,2 Attack,45,50,172,7
Wimpod,Bug; Water,230,25,35,40,20,30,80,Turn Tail,0.5,12.0,1 Speed,90,50,46,7
Golisopod,Bug; Water,530,75,125,140,60,90,40,Hard Scale,2.0,108.0,2 Defense,45,50,186,7
Sandygast,Ghost; Ground,320,55,55,80,70,45,15,Sand Heap,0.5,70.0,1 Defense,140,50,64,7
Palossand,Ghost; Ground,480,85,75,110,100,75,35,Sand Castle,1.3,250.0,2 Defense,60,50,168,7
Pyukumuku,Water,410,55,60,130,30,130,5,Sea Cucumber,0.3,1.2,2 Special Defense,60,50,144,7
Type: Null,Normal,534,95,95,95,95,95,59,Synthetic,1.9,120.5,2 HP,3,0,107,7
Silvally,Normal,570,95,95,95,95,95,95,Synthetic,2.3,100.5,3 HP,3,0,257,7
Minior,Rock; Flying,440,60,60,100,60,100,60,Meteor,0.3,40.0,1 Defense; 1 Special Defense,30,50,154,7
Komala,Normal,480,65,115,65,75,95,65,Drowsing,0.4,19.9,2 Attack,45,50,168,7
Turtonator,Fire; Dragon,485,60,78,135,91,85,36,Blast Turtle,2.0,212.0,2 Defense,70,50,170,7
Togedemaru,Electric; Steel,435,65,98,63,40,73,96,Roly-Poly,0.3,3.3,2 Attack,180,50,152,7
Mimikyu,Ghost; Fairy,476,55,90,80,50,105,96,Disguise,0.2,0.7,2 Special Defense,45,50,167,7
Bruxish,Water; Psychic,475,68,105,70,70,70,92,Gnash Teeth,0.9,19.0,2 Attack,80,50,166,7
Drampa,Normal; Dragon,485,78,60,85,135,91,36,Placid,3.0,185.0,2 Special Attack,70,50,170,7
Dhelmise,Ghost; Grass,517,70,131,100,86,90,40,Sea Creeper,3.9,210.0,2 Attack,25,50,181,7
Jangmo-o,Dragon,300,45,55,65,45,45,45,Scaly,0.6,29.7,1 Defense,45,50,60,7
Hakamo-o,Dragon; Fighting,420,55,75,90,65,70,65,Scaly,1.2,47.0,2 Defense,45,50,147,7
Kommo-o,Dragon; Fighting,600,75,110,125,100,105,85,Scaly,1.6,78.2,3 Defense,45,50,270,7
Tapu Koko,Electric; Fairy,570,70,115,85,95,75,130,Land Spirit,1.8,20.5,3 Speed,3,50,257,7
Tapu Lele,Psychic; Fairy,570,70,85,75,130,115,95,Land Spirit,1.2,18.6,3 Special Attack,3,50,257,7
Tapu Bulu,Grass; Fairy,570,70,130,115,85,95,75,Land Spirit,1.9,45.5,3 Attack,3,50,257,7
Tapu Fini,Water; Fairy,570,70,75,115,95,130,85,Land Spirit,1.3,21.2,3 Special Defense,3,50,257,7
Cosmog,Psychic,200,43,29,31,29,31,37,Nebula,0.2,0.1,1 HP,45,0,40,7
Cosmoem,Psychic,400,43,29,131,29,131,37,Protostar,0.1,999.9,1 Defense; 1 Special Defense,45,0,140,7
Solgaleo,Psychic; Steel,680,137,137,107,113,89,97,Sunne,3.4,230.0,3 Attack,45,0,306,7
Lunala,Psychic; Ghost,680,137,113,89,137,107,97,Moone,4.0,120.0,3 Special Attack,45,0,306,7
Nihilego,Rock; Poison,570,109,53,47,127,131,103,Parasite,1.2,55.5,3 Special Defense,45,0,257,7
Buzzwole,Bug; Fighting,570,107,139,139,53,53,79,Swollen,2.4,333.6,1 Attack; 2 Defense,45,0,257,7
Pheromosa,Bug; Fighting,570,71,137,37,137,37,151,Lissome,1.8,25.0,3 Speed,45,0,257,7
Xurkitree,Electric,570,83,89,71,173,71,83,Glowing,3.8,100.0,3 Special Attack,45,0,257,7
Celesteela,Steel; Flying,570,97,101,103,107,101,61,Launch,9.2,999.9,1 Attack; 1 Defense; 1 Special Attack,45,0,257,7
Kartana,Grass; Steel,570,59,181,131,59,31,109,Drawn Sword,0.3,0.1,3 Attack,45,0,257,7
Guzzlord,Dark; Dragon,570,223,101,53,97,53,43,Junkivore,5.5,888.0,3 HP,45,0,257,7
Necrozma,Psychic,600,97,107,101,127,89,79,Prism,2.4,230.0,1 Attack; 2 Special Attack,255,0,270,7
Magearna,Steel; Fairy,600,80,95,115,130,115,65,Artificial,1.0,80.5,3 Special Attack,3,0,270,7
Marshadow,Fighting; Ghost,600,90,125,80,90,90,125,Gloomdweller,0.7,22.2,2 Attack; 1 Speed,3,0,270,7
Poipole,Poison,420,67,73,67,73,67,73,Poison Pin,0.6,1.8,1 Speed,45,0,189,7
Naganadel,Poison; Dragon,540,73,73,73,127,73,121,Poison Pin,3.6,150.0,3 Special Attack,45,0,243,7
Stakataka,Rock; Steel,570,61,131,211,53,101,13,Rampart,5.5,820.0,3 Defense,30,0,257,7
Blacephalon,Fire; Ghost,570,53,127,53,151,79,107,Fireworks,1.8,13.0,3 Special Attack,30,0,257,7
Zeraora,Electric,600,88,112,75,102,80,143,Thunderclap,1.5,44.5,3 Speed,3,0,270,7
Meltan,Steel,300,46,65,65,55,35,34,Hex Nut,0.2,8.0,1 Attack,3,0,150,7
Melmetal,Steel,600,135,143,143,80,65,34,Hex Nut,2.5,800.0,3 Attack,3,0,300,7
Grookey,Grass,310,50,65,50,40,40,65,Chimp,0.3,5.0,1 Attack,45,50,62,8
Thwackey,Grass,420,70,85,70,55,60,80,Beat,0.7,14.0,2 Attack,45,50,147,8
Rillaboom,Grass,530,100,125,90,60,70,85,Drummer,2.1,90.0,3 Attack,45,50,265,8
Scorbunny,Fire,310,50,71,40,40,40,69,Rabbit,0.3,4.5,1 Speed,45,50,62,8
Raboot,Fire,420,65,86,60,55,60,94,Rabbit,0.6,9.0,2 Speed,45,50,147,8
Cinderace,Fire,530,80,116,75,65,75,119,Striker,1.4,33.0,3 Speed,45,50,265,8
Sobble,Water,310,50,40,40,70,40,70,Water Lizard,0.3,4.0,1 Special Defense; 1 Speed,45,50,62,8
Drizzile,Water,420,65,60,55,95,55,90,Water lizard,0.7,11.5,2 Special Attack,45,50,147,8
Inteleon,Water,530,70,85,65,125,65,120,Secret Agent,1.9,45.2,3 Speed,45,50,265,8
Skwovet,Normal,275,70,55,55,35,35,25,Cheeky,0.3,2.5,1 HP,255,50,55,8
Greedent,Normal,460,120,95,95,55,75,20,Greedy,0.6,6.0,2 HP,90,50,161,8
Rookidee,Flying,245,38,47,35,33,35,57,Tiny Bird,0.2,1.8,1 Speed,255,50,49,8
Corvisquire,Flying,365,68,67,55,43,55,77,Raven,0.8,16.0,2 Speed,120,50,128,8
Corviknight,Flying; Steel,495,98,87,105,53,85,67,Raven,2.2,75.0,3 Defense,45,50,248,8
Blipbug,Bug,180,25,20,20,25,45,45,Larva,0.4,8.0,1 Special Defense,255,50,36,8
Dottler,Bug; Psychic,335,50,35,80,50,90,30,Radome,0.4,19.5,2 Special Defense,120,50,117,8
Orbeetle,Bug; Psychic,505,60,45,110,80,120,90,Seven Spot,0.4,40.8,3 Special Defense,45,50,253,8
Nickit,Dark,245,40,28,28,47,52,50,Fox,0.6,8.9,1 Special Defense,255,50,49,8
Thievul,Dark,455,70,58,58,87,92,90,Fox,1.2,19.9,2 Special Defense,127,50,159,8
Gossifleur,Grass,250,40,40,60,40,60,10,Flowering,0.4,2.2,1 Special Defense,190,50,50,8
Eldegoss,Grass,460,60,50,90,80,120,60,Cotton Bloom,0.5,2.5,2 Special Defense,75,50,161,8
Wooloo,Normal,270,42,40,55,40,45,48,Sheep,0.6,6.0,1 Defense,255,50,122,8
Dubwool,Normal,490,72,80,100,60,90,88,Sheep,1.3,43.0,2 Defense,127,50,172,8
Chewtle,Water,284,50,64,50,38,38,44,Snapping,0.3,8.5,1 Attack,255,50,57,8
Drednaw,Water; Rock,485,90,115,90,48,68,74,Bite,1.0,115.5,2 Attack,75,50,170,8
Yamper,Electric,270,59,45,50,40,50,26,Puppy,0.3,13.5,1 HP,255,50,54,8
Boltund,Electric,490,69,90,60,90,60,121,Dog,1.0,34.0,2 Speed,45,50,172,8
Rolycoly,Rock,240,30,40,50,40,50,30,Coal,0.3,12.0,1 Defense,255,50,48,8
Carkol,Rock; Fire,410,80,60,90,60,70,50,Coal,1.1,78.0,2 Defense,120,50,144,8
Coalossal,Rock; Fire,510,110,80,120,80,90,30,Coal,2.8,310.5,3 Defense,45,50,255,8
Applin,Grass; Dragon,260,40,40,80,40,40,20,Apple Core,0.2,0.5,1 Defense,255,50,52,8
Flapple,Grass; Dragon,485,70,110,80,95,60,70,Apple Wing,0.3,1.0,2 Attack,45,50,170,8
Appletun,Grass; Dragon,485,110,85,80,100,80,30,Apple Nectar,0.4,13.0,2 HP,45,50,170,8
Silicobra,Ground,315,52,57,75,35,50,46,Sand Snake,2.2,7.6,1 Defense,255,50,63,8
Sandaconda,Ground,510,72,107,125,65,70,71,Sand Snake,3.8,65.5,2 Defense,120,50,179,8
Cramorant,Flying; Water,475,70,85,55,85,95,85,Gulp,0.8,18.0,2 Special Defense,45,50,166,8
Arrokuda,Water,280,41,63,40,40,30,66,Rush,0.5,1.0,1 Speed,255,50,56,8
Barraskewda,Water,490,61,123,60,60,50,136,Skewer,1.3,30.0,2 Speed,60,50,172,8
Toxel,Electric; Poison,242,40,38,35,54,35,40,Baby,0.4,11.0,1 Special Attack,75,50,48,8
Toxtricity,Electric; Poison,502,75,98,70,114,70,75,Punk,1.6,40.0,2 Special Attack,45,50,176,8
Sizzlipede,Fire; Bug,305,50,65,45,50,50,45,Radiator,0.7,1.0,1 Attack,190,50,61,8
Centiskorch,Fire; Bug,525,100,115,65,90,90,65,Radiator,3.0,120.0,2 Attack,75,50,184,8
Clobbopus,Fighting,310,50,68,60,50,50,32,Tantrum,0.6,4.0,1 Attack,180,50,62,8
Grapploct,Fighting,480,80,118,90,70,80,42,Tantrum,1.6,39.0,2 Attack,45,50,168,8
Sinistea,Ghost,308,40,45,45,74,54,50,Black Tea,0.1,0.2,1 Special Attack,120,50,62,8
Polteageist,Ghost,508,60,65,65,134,114,70,Black Tea,0.2,0.4,2 Special Attack,60,50,178,8
Hatenna,Psychic,265,42,30,45,56,53,39,Calm,0.4,3.4,1 Special Attack,235,50,53,8
Hattrem,Psychic,370,57,40,65,86,73,49,Serene,0.6,4.8,2 Special Attack,120,50,130,8
Hatterene,Psychic; Fairy,510,57,90,95,136,103,29,Silent,2.1,5.0,3 Special Attack,45,50,255,8
Impidimp,Dark; Fairy,265,45,45,30,55,40,50,Wily,0.4,5.5,1 Special Attack,255,50,53,8
Morgrem,Dark; Fairy,370,65,60,45,75,55,70,Devious,0.8,12.5,2 Special Attack,120,50,130,8
Grimmsnarl,Dark; Fairy,510,95,120,65,95,75,60,Bulk Up,1.5,61.0,3 Attack,45,50,255,8
Obstagoon,Dark; Normal,520,93,90,101,60,81,95,Blocking,1.6,46.0,3 Defense,45,50,260,8
Perrserker,Steel,440,70,110,100,50,60,50,Viking,0.8,28.0,2 Attack,90,50,154,8
Cursola,Ghost,510,60,95,50,145,130,30,Coral,1.0,0.4,2 Special Attack,30,50,179,8
Sirfetch'd,Fighting,507,62,135,95,68,82,65,Wild Duck,0.8,117.0,2 Attack,45,50,177,8
Mr. Rime,Ice; Psychic,520,80,85,75,110,100,70,Comedian,1.5,58.2,3 Special Attack,45,50,182,8
Runerigus,Ground; Ghost,483,58,95,145,50,105,30,Grudge,1.6,66.6,2 Defense,90,50,169,8
Milcery,Fairy,270,45,40,40,50,61,34,Cream,0.2,0.3,1 Special Defense,200,50,54,8
Alcremie,Fairy,495,65,60,75,110,121,64,Cream,0.3,0.5,2 Special Defense,100,50,173,8
Falinks,Fighting,470,65,100,100,70,60,75,Formation,3.0,62.0,2 Attack; 1 Special Defense,45,50,165,8
Pincurchin,Electric,435,48,101,95,91,85,15,Sea Urchin,0.3,1.0,2 Attack,75,50,152,8
Snom,Ice; Bug,185,30,25,35,45,30,20,Worm,0.3,3.8,1 Special Attack,190,50,37,8
Frosmoth,Ice; Bug,475,70,65,60,125,90,65,Frost Moth,1.3,42.0,2 Special Attack,75,50,166,8
Stonjourner,Rock,470,100,125,135,20,20,70,Big Rock,2.5,520.0,2 Defense,60,50,165,8
Eiscue,Ice,470,75,80,110,65,90,50,Penguin,1.4,89.0,2 Defense,60,50,165,8
Indeedee,Psychic; Normal,475,60,65,55,105,95,95,Emotion,0.9,28.0,2 Special Attack,30,140,166,8
Morpeko,Electric; Dark,436,58,95,58,70,58,97,Two-Sided,0.3,3.0,2 Speed,180,50,153,8
Cufant,Steel,330,72,80,49,40,49,40,Copperderm,1.2,100.0,1 Attack,190,50,66,8
Copperajah,Steel,500,122,130,69,80,69,30,Copperderm,3.0,650.0,2 Attack,90,50,175,8
Dracozolt,Electric; Dragon,505,90,100,90,80,70,75,Fossil,1.8,190.0,2 Attack,45,50,177,8
Arctozolt,Electric; Ice,505,90,100,90,90,80,55,Fossil,2.3,150.0,2 Attack,45,50,177,8
Dracovish,Water; Dragon,505,90,90,100,70,80,75,Fossil,2.3,215.0,2 Defense,45,50,177,8
Arctovish,Water; Ice,505,90,90,100,80,90,55,Fossil,2.0,175.0,2 Defense,45,50,177,8
Duraludon,Steel; Dragon,535,70,95,115,120,50,85,Alloy,1.8,40.0,2 Special Attack,45,50,187,8
Dreepy,Dragon; Ghost,270,28,60,30,40,30,82,Lingering,0.5,2.0,1 Speed,45,50,54,8
Drakloak,Dragon; Ghost,410,68,80,50,60,50,102,Caretaker,1.4,11.0,2 Speed,45,50,144,8
Dragapult,Dragon; Ghost,600,88,120,75,100,75,142,Stealth,3.0,50.0,3 Speed,45,50,300,8
Zacian,Fairy; Steel,720,92,170,115,80,115,148,Warrior,2.8,355.0,3 Speed,10,0,360,8
Zamazenta,Fighting; Steel,720,92,130,145,80,145,128,Warrior,2.9,785.0,3 Speed,10,0,360,8
Eternatus,Poison; Dragon,690,140,85,95,145,95,130,Gigantic,20.0,950.0,3 HP,255,0,345,8
Kubfu,Fighting,385,60,90,60,53,50,72,Wushu,0.6,12.0,1 Attack,3,50,77,8
Urshifu,Fighting; Dark,550,100,130,100,63,60,97,Wushu,1.9,105.0,3 Attack,3,50,275,8
Zarude,Dark; Grass,600,105,120,105,70,95,105,Rogue Monkey,1.8,70.0,3 Attack,3,0,300,8
Regieleki,Electric,580,80,100,50,100,50,200,Electron,1.2,145.0,3 Speed,3,35,290,8
Regidrago,Dragon,580,200,100,50,100,50,80,Dragon Orb,2.1,200.0,3 HP,3,35,290,8
Glastrier,Ice,580,100,145,130,65,110,30,Wild Horse,2.2,800.0,3 Attack,3,35,290,8
Spectrier,Ghost,580,100,65,60,145,80,130,Swift Horse,2.0,44.5,3 Special Attack,3,35,290,8
Calyrex,Psychic; Grass,500,100,80,80,80,80,80,King,1.1,7.7,3 HP,3,100,250,8
